High,Low,Open,Close,Volume,Adj Close
79.44000244140625,78.72000122070312,78.83999633789062,78.83000183105469,2667400.0,76.54256439208984
79.41000366210938,78.55000305175781,78.9800033569336,79.05000305175781,2182400.0,76.75617980957031
79.27999877929688,78.69000244140625,79.02999877929688,79.25,1604100.0,76.95037078857422
79.47000122070312,78.68000030517578,79.43000030517578,79.11000061035156,2177800.0,76.8144302368164
79.87999725341797,78.91999816894531,78.94999694824219,79.58000183105469,2363200.0,77.27080535888672
80.69000244140625,79.80000305175781,79.94000244140625,80.31999969482422,3246700.0,77.98931121826172
80.86000061035156,80.0,80.12999725341797,80.63999938964844,3149500.0,78.30004119873047
80.55999755859375,79.66999816894531,80.55000305175781,80.20999908447266,2482900.0,77.88251495361328
80.08000183105469,78.81999969482422,80.05000305175781,79.41999816894531,4793100.0,77.11544036865234
80.70999908447266,79.7300033569336,79.80999755859375,80.6500015258789,2503800.0,78.30974578857422
81.54000091552734,80.9800033569336,81.29000091552734,81.30999755859375,4628200.0,78.9505844116211
82.16000366210938,81.33999633789062,81.51000213623047,81.44000244140625,3786000.0,79.07682037353516
81.44999694824219,80.79000091552734,81.41000366210938,81.06999969482422,2757900.0,78.7175521850586
82.12999725341797,81.02999877929688,81.76000213623047,81.26000213623047,2499500.0,78.90205383300781
81.44999694824219,80.86000061035156,81.05000305175781,81.37999725341797,2117400.0,79.01854705810547
81.20999908447266,80.69999694824219,80.8499984741211,81.13999938964844,1906800.0,78.78553771972656
81.66999816894531,81.0,81.2300033569336,81.11000061035156,1790800.0,78.75639343261719
80.83999633789062,80.2300033569336,80.6500015258789,80.6500015258789,2444800.0,78.30974578857422
80.98999786376953,80.37999725341797,80.4800033569336,80.48999786376953,2141700.0,78.15438079833984
81.12000274658203,80.5,81.0,80.91999816894531,2862200.0,78.5719223022461
80.80000305175781,80.31999969482422,80.80000305175781,80.55999755859375,2830900.0,78.22235107421875
80.98999786376953,80.41000366210938,80.91999816894531,80.70999908447266,1920200.0,78.36800384521484
80.87999725341797,79.73999786376953,80.44000244140625,80.27999877929688,2706100.0,77.95048522949219
80.37000274658203,79.56999969482422,80.30999755859375,79.8499984741211,2170700.0,77.53295135498047
80.22000122070312,79.62999725341797,80.11000061035156,80.04000091552734,2226800.0,77.71745300292969
82.22000122070312,80.44000244140625,80.44999694824219,82.04000091552734,9387400.0,79.65940856933594
82.48999786376953,81.81999969482422,82.06999969482422,81.97000122070312,2887700.0,79.59144592285156
82.5199966430664,82.11000061035156,82.20999908447266,82.33999633789062,1911400.0,79.9507064819336
82.27999877929688,81.70999908447266,82.20999908447266,81.80999755859375,1026700.0,79.43608093261719
82.06999969482422,80.77999877929688,82.05999755859375,80.9000015258789,2714600.0,78.55249786376953
80.58000183105469,79.73999786376953,80.16999816894531,80.56999969482422,3181200.0,78.23207092285156
81.51000213623047,80.86000061035156,80.95999908447266,81.19999694824219,5287300.0,78.84378051757812
81.70999908447266,81.12999725341797,81.45999908447266,81.47000122070312,3016100.0,79.10595703125
82.94999694824219,82.2699966430664,82.29000091552734,82.61000061035156,4987300.0,80.21286010742188
82.69999694824219,82.3499984741211,82.52999877929688,82.38999938964844,3193200.0,79.999267578125
82.5999984741211,82.08999633789062,82.38999938964844,82.37000274658203,2292700.0,79.97984313964844
82.52999877929688,81.98999786376953,82.44000244140625,82.3499984741211,3847400.0,79.96041107177734
83.79000091552734,82.18000030517578,82.31999969482422,83.23999786376953,3249100.0,80.8245849609375
83.58000183105469,82.41999816894531,83.16999816894531,82.70999908447266,2817100.0,80.30996704101562
83.37000274658203,82.63999938964844,82.87000274658203,82.63999938964844,2498500.0,80.64273834228516
83.36000061035156,82.7300033569336,82.83999633789062,83.3499984741211,2870500.0,81.3355712890625
83.77999877929688,83.20999908447266,83.56999969482422,83.63999938964844,2154000.0,81.61856842041016
83.91999816894531,83.52999877929688,83.7300033569336,83.9000015258789,2262100.0,81.87227630615234
84.38999938964844,83.7699966430664,84.38999938964844,83.7699966430664,6053200.0,81.74542236328125
84.06999969482422,83.56999969482422,83.97000122070312,83.91000366210938,3374700.0,81.88204193115234
84.13999938964844,83.83000183105469,84.12000274658203,84.13999938964844,1303300.0,82.10648345947266
84.22000122070312,83.83000183105469,84.12999725341797,84.02999877929688,1725700.0,81.99913787841797
84.26000213623047,83.47000122070312,84.25,83.6500015258789,2179200.0,81.6283187866211
84.01000213623047,83.18000030517578,83.72000122070312,83.5999984741211,3056200.0,81.57952880859375
84.18000030517578,83.27999877929688,83.52999877929688,83.8499984741211,4094800.0,81.82347869873047
84.38999938964844,83.12999725341797,84.30999755859375,83.91000366210938,4221600.0,81.88204193115234
83.93000030517578,83.04000091552734,83.12999725341797,83.86000061035156,4290600.0,81.83324432373047
83.87999725341797,82.91999816894531,83.18000030517578,83.77999877929688,4593000.0,81.75518035888672
83.62999725341797,83.12000274658203,83.45999908447266,83.30000305175781,2429400.0,81.28678131103516
83.86000061035156,83.1500015258789,83.30000305175781,83.4800033569336,3024000.0,81.46244049072266
83.87000274658203,83.3499984741211,83.8499984741211,83.45999908447266,2870800.0,81.44290924072266
83.5,82.63999938964844,83.47000122070312,83.06999969482422,2586800.0,81.06233978271484
83.83000183105469,82.7300033569336,83.06999969482422,83.76000213623047,2965600.0,81.73566436767578
84.5999984741211,83.36000061035156,83.51000213623047,84.06999969482422,3345300.0,82.03816223144531
84.75,83.83999633789062,83.91000366210938,84.43000030517578,2947000.0,82.38945770263672
85.80000305175781,84.94999694824219,84.98999786376953,85.5199966430664,2773700.0,83.453125
85.91999816894531,85.2300033569336,85.88999938964844,85.37000274658203,2661900.0,83.3067398071289
85.04000091552734,84.4000015258789,84.98999786376953,84.56999969482422,3074200.0,82.52608489990234
85.02999877929688,84.44999694824219,84.88999938964844,84.56999969482422,1957100.0,82.52608489990234
84.86000061035156,83.63999938964844,84.3499984741211,84.75,4458100.0,82.70172882080078
84.94000244140625,82.94000244140625,84.9000015258789,83.43000030517578,3165800.0,81.41363525390625
82.9800033569336,81.91000366210938,82.11000061035156,82.51000213623047,3194700.0,80.515869140625
83.4000015258789,82.7699966430664,83.0199966430664,83.0999984741211,2690200.0,81.09160614013672
83.68000030517578,82.5,83.31999969482422,82.52999877929688,2983900.0,80.53538513183594
82.51000213623047,81.4800033569336,81.93000030517578,82.44000244140625,2747000.0,80.44757080078125
82.16999816894531,80.29000091552734,82.02999877929688,80.4800033569336,4374300.0,78.5349349975586
81.66999816894531,80.4800033569336,80.9800033569336,81.23999786376953,5889100.0,79.27655029296875
82.62000274658203,82.1500015258789,82.29000091552734,82.26000213623047,2743700.0,80.27191162109375
83.94999694824219,82.80000305175781,82.9800033569336,83.83000183105469,2908000.0,81.80397033691406
84.29000091552734,83.55000305175781,84.19999694824219,83.5999984741211,1787500.0,81.57952880859375
83.30000305175781,82.12000274658203,83.16999816894531,82.33999633789062,3515000.0,80.34998321533203
82.63999938964844,82.05999755859375,82.16000366210938,82.61000061035156,2281800.0,80.61344909667969
83.80999755859375,82.88999938964844,83.02999877929688,83.29000091552734,3385100.0,81.27700805664062
83.95999908447266,83.47000122070312,83.81999969482422,83.8499984741211,2967800.0,81.82347869873047
84.29000091552734,83.33999633789062,83.33999633789062,84.12999725341797,2667200.0,82.09671783447266
84.19000244140625,83.43000030517578,84.19000244140625,83.68000030517578,1930900.0,81.6575927734375
83.69999694824219,82.76000213623047,83.45999908447266,83.2300033569336,2408500.0,81.2184829711914
83.81999969482422,83.26000213623047,83.52999877929688,83.55000305175781,2137700.0,81.5307388305664
84.11000061035156,82.94000244140625,83.44000244140625,83.98999786376953,2857600.0,81.9601058959961
83.75,82.66999816894531,83.75,83.0199966430664,3849400.0,81.0135498046875
80.97000122070312,80.01000213623047,80.4000015258789,80.56999969482422,3776800.0,78.62274932861328
81.0,77.56999969482422,80.7699966430664,77.8499984741211,6347400.0,75.96849822998047
78.77999877929688,76.7300033569336,78.08000183105469,76.86000061035156,5228100.0,75.0024185180664
76.83000183105469,73.81999969482422,75.22000122070312,74.0,10352200.0,72.21153259277344
73.55000305175781,71.38999938964844,71.73999786376953,72.79000091552734,14251100.0,71.0307846069336
74.68000030517578,71.94000244140625,73.05999755859375,74.6500015258789,9547300.0,72.84583282470703
76.20999908447266,72.2300033569336,74.7300033569336,73.08000183105469,8093900.0,71.31377410888672
75.44000244140625,73.30000305175781,74.30000305175781,75.33999633789062,10571100.0,73.51914978027344
74.04000091552734,71.81999969482422,73.5999984741211,72.6500015258789,7076800.0,70.89417266845703
72.13999938964844,69.75,70.5,71.3499984741211,8790400.0,69.62560272216797
67.5999984741211,64.27999877929688,66.6500015258789,64.37000274658203,10855200.0,62.81428909301758
66.66999816894531,63.279998779296875,66.55000305175781,66.27999877929688,12834400.0,64.6781234741211
65.16999816894531,61.459999084472656,64.58000183105469,62.310001373291016,11179800.0,60.80406951904297
59.400001525878906,50.0,57.709999084472656,55.2400016784668,14233700.0,53.90494155883789
59.84000015258789,54.40999984741211,57.75,59.47999954223633,14582200.0,58.04246520996094
55.43000030517578,50.56999969482422,52.5,52.47999954223633,11082200.0,51.211639404296875
55.220001220703125,50.2599983215332,52.58000183105469,55.11000061035156,14536000.0,53.778079986572266
53.130001068115234,47.90999984741211,51.869998931884766,50.0,11300400.0,48.79158401489258
53.11000061035156,47.779998779296875,48.95000076293945,51.720001220703125,15072800.0,50.47001266479492
53.86000061035156,49.529998779296875,52.43000030517578,49.779998779296875,12587600.0,48.576904296875
50.34000015258789,47.52000045776367,49.45000076293945,49.11000061035156,16239400.0,47.923091888427734
53.540000915527344,51.0099983215332,51.08000183105469,53.380001068115234,13173900.0,52.08989334106445
55.9900016784668,51.7400016784668,53.52000045776367,53.59000015258789,10330200.0,52.542869567871094
57.59000015258789,54.18000030517578,54.18000030517578,57.27000045776367,10927200.0,56.15095901489258
56.689998626708984,54.38999938964844,55.38999938964844,54.959999084472656,15468700.0,53.88609313964844
56.380001068115234,54.16999816894531,55.34000015258789,56.25,12111700.0,55.15089416503906
56.93000030517578,55.06999969482422,56.150001525878906,56.11000061035156,9601600.0,55.01362991333008
54.13999938964844,51.70000076293945,53.77000045776367,52.189998626708984,11180800.0,51.17021942138672
54.290000915527344,51.439998626708984,52.119998931884766,52.91999816894531,10329700.0,51.88595962524414
53.11000061035156,50.029998779296875,52.52000045776367,50.9900016784668,8491200.0,49.99367141723633
55.45000076293945,53.0,53.13999938964844,55.150001525878906,7813500.0,54.0723876953125
58.38999938964844,55.16999816894531,57.08000183105469,55.47999954223633,8730900.0,54.39593505859375
58.5,55.779998779296875,56.22999954223633,58.0099983215332,8057400.0,56.876495361328125
61.33000183105469,59.369998931884766,59.54999923706055,61.02000045776367,9649700.0,59.82768630981445
60.959999084472656,58.310001373291016,60.52000045776367,58.91999816894531,8629800.0,57.768714904785156
61.08000183105469,59.2400016784668,60.45000076293945,59.95000076293945,8388200.0,58.778594970703125
58.20000076293945,56.720001220703125,57.95000076293945,57.20000076293945,8537700.0,56.08232498168945
57.810001373291016,55.56999969482422,57.27000045776367,56.7400016784668,9521500.0,55.63132095336914
59.709999084472656,58.41999816894531,58.97999954223633,59.31999969482422,8196800.0,58.16090774536133
59.2400016784668,57.599998474121094,58.0,58.130001068115234,8016400.0,56.99415588378906
57.439998626708984,56.15999984741211,56.70000076293945,56.88999938964844,6999200.0,55.778385162353516
58.31999969482422,57.09000015258789,58.150001525878906,57.290000915527344,5867400.0,56.170570373535156
59.029998779296875,57.40999984741211,57.66999816894531,58.0099983215332,5029400.0,56.876495361328125
59.16999816894531,57.77000045776367,58.59000015258789,58.720001220703125,3678600.0,57.572628021240234
61.790000915527344,59.18000030517578,59.290000915527344,61.220001220703125,7691500.0,60.02378463745117
63.34000015258789,61.63999938964844,62.88999938964844,62.58000183105469,7368900.0,61.357208251953125
66.68000030517578,63.86000061035156,64.5199966430664,66.06999969482422,6120300.0,64.77901458740234
64.61000061035156,63.20000076293945,64.58999633789062,63.349998474121094,6400100.0,62.112152099609375
61.93000030517578,59.81999969482422,61.790000915527344,60.7400016784668,6576600.0,59.55316162109375
60.900001525878906,59.16999816894531,60.029998779296875,60.52000045776367,6500800.0,59.33745574951172
62.59000015258789,60.5,61.54999923706055,60.68000030517578,5095700.0,59.49433135986328
61.540000915527344,59.849998474121094,61.029998779296875,59.959999084472656,4430200.0,58.78839874267578
61.34000015258789,60.33000183105469,60.84000015258789,60.810001373291016,7886300.0,59.621788024902344
63.43000030517578,61.72999954223633,61.95000076293945,63.38999938964844,5220300.0,62.15137481689453
63.060001373291016,61.400001525878906,62.52000045776367,62.22999954223633,5034000.0,61.014041900634766
62.7400016784668,59.869998931884766,62.68000030517578,59.91999816894531,6105100.0,58.74917984008789
59.5,56.75,59.43000030517578,57.619998931884766,8610200.0,56.49412155151367
57.88999938964844,54.70000076293945,56.209999084472656,57.84000015258789,9813800.0,56.70982360839844
58.939998626708984,57.040000915527344,57.38999938964844,58.619998931884766,7020100.0,57.474578857421875
63.08000183105469,60.95000076293945,61.119998931884766,62.79999923706055,4653800.0,61.57291030883789
63.130001068115234,61.52000045776367,62.630001068115234,61.52000045776367,5928300.0,60.31792449951172
63.86000061035156,62.540000915527344,62.720001220703125,63.439998626708984,5389600.0,62.200401306152344
64.02999877929688,62.79999923706055,63.41999816894531,63.5,6890400.0,62.25922775268555
63.88999938964844,62.83000183105469,63.63999938964844,63.7599983215332,3908800.0,62.51414489746094
66.83999633789062,66.01000213623047,66.05999755859375,66.38999938964844,3805200.0,65.09275817871094
69.19999694824219,66.33999633789062,67.93000030517578,68.9800033569336,5434900.0,67.63216400146484
69.80000305175781,66.55000305175781,69.80000305175781,66.94000244140625,5054600.0,65.63200378417969
66.61000061035156,65.11000061035156,66.29000091552734,66.13999938964844,5467600.0,64.84764099121094
67.69999694824219,66.0199966430664,66.37000274658203,66.87000274658203,4681900.0,65.5633773803711
67.9000015258789,66.86000061035156,67.4000015258789,67.62999725341797,5352000.0,66.30853271484375
70.44000244140625,68.66000366210938,68.75,69.94000244140625,4690000.0,68.57339477539062
71.45999908447266,69.0999984741211,69.6500015258789,70.87999725341797,21357900.0,69.4950180053711
75.1500015258789,73.55000305175781,74.37000274658203,73.9800033569336,7519600.0,72.53445434570312
75.80000305175781,74.80999755859375,75.33000183105469,75.55000305175781,8887400.0,74.07377624511719
74.52999877929688,73.01000213623047,74.22000122070312,73.70999908447266,7009400.0,72.26972961425781
73.47000122070312,71.0,73.44999694824219,71.02999877929688,5492600.0,69.64209747314453
68.22000122070312,65.05000305175781,67.80999755859375,65.2300033569336,8064800.0,63.95542907714844
68.4800033569336,64.9800033569336,67.52999877929688,66.87999725341797,9590000.0,65.57317352294922
68.69000244140625,64.02999877929688,64.02999877929688,68.12000274658203,6943700.0,67.02447509765625
71.16999816894531,68.30000305175781,70.91999816894531,69.8499984741211,5812600.0,68.72663879394531
70.02999877929688,68.18000030517578,70.0,68.33000183105469,5190500.0,67.2310791015625
68.94999694824219,67.18000030517578,67.56999969482422,68.05999755859375,3908400.0,66.96542358398438
69.31999969482422,66.73999786376953,69.31999969482422,67.16999816894531,4417100.0,66.08973693847656
67.79000091552734,66.0199966430664,66.87000274658203,67.76000213623047,4172600.0,66.67024993896484
68.77999877929688,67.62000274658203,68.5999984741211,67.97000122070312,4468600.0,66.87687683105469
67.16000366210938,64.73999786376953,67.0199966430664,65.61000061035156,7331700.0,64.5548324584961
66.69000244140625,64.7300033569336,65.0199966430664,66.62999725341797,5618900.0,65.55841827392578
66.33999633789062,64.56999969482422,66.20999908447266,64.63999938964844,5415500.0,63.60042953491211
67.70999908447266,65.1500015258789,65.62000274658203,67.38999938964844,5684200.0,66.30620574951172
68.5199966430664,67.06999969482422,67.19000244140625,68.29000091552734,3766100.0,67.19173431396484
69.0,67.06999969482422,68.44999694824219,67.30999755859375,7103700.0,66.22748565673828
69.22000122070312,67.48999786376953,68.69000244140625,67.69000244140625,3485100.0,66.60137939453125
69.33000183105469,68.0,69.12000274658203,68.33000183105469,4402200.0,67.2310791015625
68.12999725341797,66.79000091552734,67.69999694824219,66.94999694824219,3895600.0,65.87327575683594
67.62000274658203,65.9800033569336,66.94999694824219,67.2300033569336,3755900.0,66.14877319335938
67.33999633789062,64.95999908447266,67.26000213623047,65.69000244140625,3089200.0,64.633544921875
67.19999694824219,65.54000091552734,65.7300033569336,67.1500015258789,3904200.0,66.070068359375
68.6500015258789,66.4800033569336,67.79000091552734,66.5,4037400.0,65.4305191040039
67.62000274658203,66.11000061035156,66.4000015258789,67.58999633789062,4742900.0,66.50299072265625
70.52999877929688,68.63999938964844,68.63999938964844,70.18000030517578,5502800.0,69.05132293701172
70.16000366210938,69.16999816894531,69.63999938964844,69.69000244140625,2804500.0,68.5692138671875
70.2300033569336,69.25,69.81999969482422,69.69999694824219,3506500.0,68.57904052734375
69.66000366210938,68.8499984741211,69.47000122070312,69.1500015258789,2338100.0,68.03789520263672
71.01000213623047,69.76000213623047,69.94000244140625,70.69000244140625,3965900.0,69.5531234741211
71.11000061035156,70.16999816894531,70.29000091552734,70.75,3553400.0,69.61216735839844
71.87999725341797,70.44000244140625,70.69000244140625,71.23999786376953,5186900.0,70.09427642822266
71.0199966430664,69.87000274658203,70.7300033569336,70.02999877929688,2868400.0,68.90374755859375
70.88999938964844,69.6500015258789,70.16000366210938,70.83000183105469,2119800.0,69.69087982177734
71.13999938964844,70.2699966430664,70.66000366210938,70.33999633789062,2427300.0,69.20877075195312
72.2300033569336,70.68000030517578,70.70999908447266,72.12000274658203,3972200.0,70.96013641357422
71.87000274658203,70.62999725341797,71.16999816894531,71.66999816894531,3683500.0,70.51736450195312
71.52999877929688,69.76000213623047,71.43000030517578,71.20999908447266,6358700.0,70.06476593017578
72.19000244140625,71.05000305175781,71.56999969482422,72.0199966430664,3721200.0,70.86173248291016
72.5,71.55000305175781,71.8499984741211,72.44000244140625,3545100.0,71.27499389648438
74.12999725341797,72.95999908447266,73.1500015258789,74.0999984741211,6657500.0,72.90828704833984
74.12000274658203,73.33000183105469,73.94000244140625,73.69000244140625,3598200.0,72.5048828125
75.05000305175781,73.44000244140625,73.55999755859375,75.02999877929688,4866600.0,73.82333374023438
76.36000061035156,75.16999816894531,75.16999816894531,75.77999877929688,3327600.0,74.56127166748047
77.19999694824219,75.30999755859375,76.51000213623047,75.69999694824219,3905900.0,74.48255157470703
76.6500015258789,75.41000366210938,76.47000122070312,75.95999908447266,3022200.0,74.7383804321289
76.16999816894531,75.20999908447266,75.62999725341797,75.5199966430664,3062300.0,74.30545043945312
75.91999816894531,74.80000305175781,74.95999908447266,75.48999786376953,3204200.0,74.27593231201172
75.73999786376953,75.05000305175781,75.63999938964844,75.61000061035156,2628200.0,74.39400482177734
75.61000061035156,74.5199966430664,75.55999755859375,74.69999694824219,3147700.0,73.4986343383789
75.5,74.52999877929688,75.01000213623047,74.69000244140625,2953100.0,73.48880767822266
74.62999725341797,73.77999877929688,74.01000213623047,74.08999633789062,2213100.0,72.89844512939453
74.08999633789062,73.12999725341797,73.79000091552734,73.61000061035156,2767900.0,72.4261703491211
74.94000244140625,73.6500015258789,74.29000091552734,74.94000244140625,2472200.0,73.73477935791016
75.30000305175781,74.19999694824219,75.16000366210938,74.87999725341797,2241700.0,73.67574310302734
75.0199966430664,74.16000366210938,74.87000274658203,74.25,2448600.0,73.05587005615234
75.20999908447266,74.05999755859375,74.52999877929688,74.51000213623047,2883000.0,73.31169128417969
75.08000183105469,74.41999816894531,74.9000015258789,75.08000183105469,4779800.0,73.87252044677734
75.0,73.93000030517578,74.97000122070312,73.97000122070312,3522500.0,72.78038024902344
74.86000061035156,73.37999725341797,73.80999755859375,74.81999969482422,4565700.0,73.61670684814453
75.91000366210938,74.54000091552734,75.05999755859375,75.68000030517578,4236600.0,74.46288299560547
75.66999816894531,73.33000183105469,75.44999694824219,73.80000305175781,6135700.0,72.61311340332031
74.80000305175781,72.02999877929688,74.72000122070312,73.41000366210938,3673700.0,72.22940063476562
72.8499984741211,71.45999908447266,72.47000122070312,71.62999725341797,3558000.0,70.47801208496094
72.75,71.7300033569336,72.30999755859375,72.44000244140625,3512600.0,71.27499389648438
73.02999877929688,71.37999725341797,72.70999908447266,71.47000122070312,4090400.0,70.32058715820312
71.87999725341797,70.33999633789062,71.80999755859375,70.9800033569336,4168200.0,69.83847045898438
72.37000274658203,71.2699966430664,71.5999984741211,72.20999908447266,2160300.0,71.04869079589844
73.02999877929688,72.06999969482422,72.80999755859375,72.2300033569336,2194600.0,71.068359375
73.69000244140625,72.37999725341797,72.56999969482422,72.72000122070312,1975000.0,71.55049133300781
72.4800033569336,71.2699966430664,71.72000122070312,72.13999938964844,2394000.0,70.97980499267578
72.86000061035156,70.8499984741211,72.30000305175781,71.7300033569336,3328600.0,70.57640838623047
70.30999755859375,68.41000366210938,70.19999694824219,69.23999786376953,3860600.0,68.12644958496094
69.81999969482422,68.70999908447266,69.41999816894531,69.6500015258789,3820000.0,68.52985382080078
70.05999755859375,67.44000244140625,69.4000015258789,67.5,4273500.0,66.69114685058594
68.91000366210938,66.73999786376953,67.51000213623047,67.7699966430664,5878600.0,66.95791625976562
68.69000244140625,67.4800033569336,67.48999786376953,68.4800033569336,5457700.0,67.65940856933594
70.69000244140625,69.29000091552734,69.29000091552734,70.43000030517578,2605300.0,69.58604431152344
70.48999786376953,69.26000213623047,70.38999938964844,70.02999877929688,2743400.0,69.19084167480469
71.37999725341797,69.6500015258789,70.16000366210938,70.2300033569336,5629500.0,69.3884506225586
71.26000213623047,69.95999908447266,70.69000244140625,71.2300033569336,2885400.0,70.37647247314453
72.2699966430664,69.69999694824219,69.87000274658203,71.91999816894531,5841400.0,71.05818939208984
73.6500015258789,72.61000061035156,72.62000274658203,73.52999877929688,2810100.0,72.6489028930664
75.5,73.41000366210938,74.1500015258789,73.51000213623047,4653000.0,72.62913513183594
74.91000366210938,73.94999694824219,74.30000305175781,74.55999755859375,13428700.0,73.66654968261719
75.7699966430664,74.83000183105469,75.1500015258789,75.68000030517578,3757500.0,74.77313995361328
76.62000274658203,75.66000366210938,76.33000183105469,76.08000183105469,6687300.0,75.1683349609375
76.7300033569336,75.9800033569336,76.41000366210938,76.58999633789062,2396800.0,75.67222595214844
76.11000061035156,75.37999725341797,76.11000061035156,75.7300033569336,3202600.0,74.8225326538086
76.43000030517578,75.26000213623047,75.91999816894531,75.30000305175781,2948700.0,74.39769744873047
76.4800033569336,74.16999816894531,74.43000030517578,76.2699966430664,3249300.0,75.3560562133789
76.56999969482422,75.83000183105469,76.33000183105469,75.83000183105469,2788900.0,74.92134094238281
76.61000061035156,74.80999755859375,76.12999725341797,75.0,2960400.0,74.10128021240234
76.27999877929688,75.25,75.48999786376953,75.51000213623047,3273800.0,74.60517120361328
75.8499984741211,75.05000305175781,75.61000061035156,75.08999633789062,3141900.0,74.1902084350586
76.37999725341797,75.0199966430664,75.41999816894531,76.31999969482422,2707400.0,75.40546417236328
76.94000244140625,75.93000030517578,76.68000030517578,76.68000030517578,2760600.0,75.76114654541016
75.8499984741211,74.0999984741211,75.7300033569336,75.08999633789062,4045200.0,74.1902084350586
75.18000030517578,74.06999969482422,75.01000213623047,74.11000061035156,3135400.0,73.2219467163086
72.97000122070312,71.7699966430664,72.47000122070312,71.83999633789062,4107300.0,70.9791488647461
73.26000213623047,71.0999984741211,71.7300033569336,72.94999694824219,4278300.0,72.07584381103516
73.12000274658203,71.27999877929688,72.56999969482422,72.0199966430664,9430600.0,71.15699005126953
73.55999755859375,72.54000091552734,72.88999938964844,73.54000091552734,5332100.0,72.6587905883789
75.83000183105469,74.54000091552734,74.66999816894531,75.38999938964844,4183500.0,74.48661041259766
75.66999816894531,73.75,74.63999938964844,74.66999816894531,5991500.0,73.7752456665039
77.1500015258789,75.43000030517578,75.44000244140625,76.86000061035156,4466700.0,75.93900299072266
77.18000030517578,75.98999786376953,77.08999633789062,76.11000061035156,5220400.0,75.19798278808594
82.45999908447266,79.68000030517578,81.04000091552734,79.77999877929688,8625100.0,78.8239974975586
82.27999877929688,80.18000030517578,80.47000122070312,81.87999725341797,9854200.0,80.89884185791016
82.29000091552734,80.5999984741211,82.29000091552734,81.33999633789062,3545900.0,80.36530303955078
80.69999694824219,78.83999633789062,80.56999969482422,79.5999984741211,4184600.0,78.64616394042969
82.0999984741211,80.31999969482422,80.33000183105469,81.7300033569336,6354700.0,80.75064086914062
84.30000305175781,82.95999908447266,83.63999938964844,84.19000244140625,5598300.0,83.18115997314453
84.88999938964844,82.55999755859375,83.61000061035156,84.66000366210938,7079000.0,83.6455307006836
85.33999633789062,83.45999908447266,85.04000091552734,83.4800033569336,3790300.0,82.47967529296875
84.08000183105469,82.73999786376953,83.27999877929688,83.97000122070312,3325200.0,82.96379852294922
84.0999984741211,83.2300033569336,83.58000183105469,83.87999725341797,2839900.0,82.8748779296875
86.33000183105469,84.56999969482422,84.70999908447266,85.83000183105469,8663600.0,84.801513671875
88.41000366210938,86.7300033569336,87.0,87.93000030517578,5105800.0,86.8763427734375
87.66999816894531,86.5199966430664,87.66999816894531,87.23999786376953,3538200.0,86.19461059570312
87.37999725341797,86.47000122070312,87.23999786376953,87.08999633789062,1077700.0,86.04641723632812
86.8499984741211,84.88999938964844,86.80000305175781,85.13999938964844,3378000.0,84.1197738647461
86.80999755859375,85.58000183105469,86.20999908447266,86.08000183105469,7141700.0,85.04851531982422
86.77999877929688,85.45999908447266,85.87999725341797,86.4800033569336,3458700.0,85.4437255859375
87.73999786376953,86.62000274658203,86.83999633789062,87.05000305175781,2396700.0,86.00689697265625
89.37999725341797,87.66999816894531,87.68000030517578,89.20999908447266,3437600.0,88.14100646972656
89.2300033569336,88.51000213623047,89.19999694824219,88.98999786376953,3566800.0,87.92364501953125
89.80999755859375,88.2300033569336,88.3499984741211,89.6500015258789,2807300.0,88.57574462890625
90.93000030517578,89.08999633789062,90.37999725341797,89.69999694824219,6729800.0,88.62512969970703
90.29000091552734,88.75,89.08000183105469,90.12000274658203,2335200.0,89.04011535644531
90.16999816894531,88.62999725341797,89.47000122070312,89.38999938964844,2002400.0,88.31885528564453
90.41000366210938,88.91000366210938,90.04000091552734,88.94000244140625,3821000.0,88.11872100830078
91.30999755859375,89.38999938964844,89.66000366210938,91.27999877929688,2575800.0,90.4371109008789
91.55999755859375,90.44000244140625,91.47000122070312,90.83000183105469,3263200.0,89.99126434326172
91.69000244140625,90.69000244140625,91.16999816894531,91.6500015258789,2505100.0,90.80369567871094
92.16999816894531,90.69999694824219,91.93000030517578,90.87000274658203,5477200.0,90.03089904785156
90.7699966430664,89.05999755859375,89.5199966430664,90.55000305175781,4070800.0,89.71385192871094
91.23999786376953,90.19999694824219,90.69999694824219,91.12000274658203,3272000.0,90.2785873413086
92.31999969482422,91.48999786376953,91.54000091552734,91.98999786376953,3739900.0,91.14054870605469
92.38999938964844,91.61000061035156,92.37999725341797,92.06999969482422,1537800.0,91.21981811523438
93.13999938964844,92.31999969482422,92.93000030517578,92.41999816894531,5026300.0,91.56658172607422
92.76000213623047,90.43000030517578,92.61000061035156,90.83999633789062,5530100.0,90.00115966796875
92.2300033569336,91.19000244140625,91.19000244140625,91.76000213623047,2465400.0,90.91267395019531
92.2300033569336,91.04000091552734,91.72000122070312,91.9000015258789,3016500.0,91.05138397216797
92.80000305175781,89.79000091552734,92.5,91.04000091552734,5909100.0,90.19932556152344
93.62000274658203,90.80000305175781,90.80999755859375,92.9800033569336,4135000.0,92.12141418457031
98.36000061035156,94.0,94.0,97.5,7860600.0,96.59967803955078
98.72000122070312,97.51000213623047,97.87000274658203,98.52999877929688,4208200.0,97.62015533447266
99.33999633789062,96.55999755859375,99.33999633789062,97.72000122070312,5387800.0,96.8176498413086
98.22000122070312,96.62000274658203,96.91000366210938,98.16999816894531,3933400.0,97.26348114013672
99.91999816894531,98.44000244140625,98.54000091552734,99.86000061035156,5205100.0,98.93788146972656
100.08000183105469,98.7699966430664,99.95999908447266,98.9800033569336,7116800.0,98.0660171508789
101.68000030517578,99.80999755859375,99.87999725341797,101.33000183105469,14533100.0,100.3943099975586
100.2699966430664,98.56999969482422,100.08999633789062,99.55999755859375,5677800.0,98.6406478881836
100.8499984741211,99.76000213623047,100.68000030517578,100.51000213623047,5382000.0,99.58187866210938
101.6500015258789,100.22000122070312,100.95999908447266,101.05000305175781,4398400.0,100.11689758300781
101.54000091552734,99.69000244140625,101.3499984741211,99.9000015258789,5196500.0,98.9775161743164
101.29000091552734,98.56999969482422,98.9800033569336,101.16000366210938,5859500.0,100.22588348388672
103.43000030517578,100.2699966430664,101.22000122070312,101.30999755859375,7380400.0,100.3744888305664
102.29000091552734,100.31999969482422,102.01000213623047,101.31999969482422,3428700.0,100.38439178466797
102.05999755859375,99.62999725341797,100.72000122070312,101.04000091552734,4063300.0,100.10699462890625
102.31999969482422,98.43000030517578,101.30999755859375,99.04000091552734,13807700.0,98.12545013427734
100.44999694824219,97.12000274658203,98.9800033569336,97.56999969482422,6915400.0,96.66902160644531
99.63999938964844,96.95999908447266,98.5,99.30000305175781,5005800.0,98.38304901123047
100.22000122070312,98.7300033569336,100.01000213623047,99.56999969482422,3855500.0,98.65055847167969
100.30999755859375,98.69999694824219,100.08000183105469,99.93000030517578,3779200.0,99.00723266601562
101.80000305175781,100.33000183105469,100.41000366210938,101.72000122070312,4241000.0,100.78070068359375
102.98999786376953,101.75,102.81999969482422,102.93000030517578,4816700.0,101.97953033447266
105.81999969482422,103.83000183105469,103.91000366210938,105.77999877929688,4350800.0,104.80320739746094
107.02999877929688,105.19999694824219,105.77999877929688,106.54000091552734,2898300.0,105.55619812011719
107.36000061035156,105.44000244140625,107.22000122070312,106.18000030517578,4292800.0,105.19951629638672
107.41000366210938,104.66000366210938,106.77999877929688,106.41999816894531,5330400.0,105.43730163574219
106.83000183105469,105.66999816894531,106.04000091552734,106.62999725341797,3924900.0,105.6453628540039
107.72000122070312,105.91000366210938,107.47000122070312,106.37999725341797,2983400.0,105.39767456054688
106.11000061035156,104.55000305175781,105.58999633789062,105.81999969482422,3346900.0,104.84284210205078
105.2699966430664,103.79000091552734,105.11000061035156,104.22000122070312,3009100.0,103.25761413574219
106.4000015258789,104.69999694824219,104.80999755859375,105.98999786376953,2559000.0,105.01127624511719
107.4000015258789,105.2699966430664,105.29000091552734,106.62999725341797,4124900.0,105.6453628540039
106.52999877929688,103.7699966430664,105.55999755859375,106.02999877929688,7638900.0,105.0509033203125
109.12999725341797,106.3499984741211,106.52999877929688,108.95999908447266,4692200.0,107.95384979248047
109.76000213623047,105.38999938964844,109.72000122070312,105.58999633789062,5220500.0,104.6149673461914
106.80999755859375,103.62999725341797,105.72000122070312,105.08999633789062,6631400.0,104.11958312988281
108.6500015258789,106.86000061035156,107.05000305175781,108.33999633789062,4046200.0,107.33956909179688
108.3499984741211,106.44000244140625,108.25,106.45999908447266,3937000.0,105.47693634033203
108.55999755859375,106.37000274658203,107.11000061035156,106.62000274658203,4573200.0,105.63545989990234
107.43000030517578,102.9000015258789,106.5199966430664,104.66999816894531,4998000.0,103.70346069335938
107.19000244140625,102.7699966430664,106.0999984741211,107.05000305175781,11493100.0,106.06148529052734
110.16999816894531,107.41999816894531,108.16999816894531,109.0999984741211,4385100.0,108.09255981445312
111.30999755859375,109.37999725341797,110.51000213623047,110.16999816894531,5623700.0,109.15267944335938
113.0199966430664,110.91000366210938,111.16000366210938,112.44999694824219,6059600.0,111.41162109375
114.05999755859375,112.7699966430664,113.20999908447266,113.91000366210938,6257600.0,112.85813903808594
115.19999694824219,113.8499984741211,114.01000213623047,115.01000213623047,6463300.0,113.94798278808594
115.16999816894531,113.83999633789062,114.83000183105469,114.79000091552734,4626100.0,113.73001861572266
114.72000122070312,112.63999938964844,114.5999984741211,113.01000213623047,6166800.0,111.9664535522461
113.93000030517578,111.87000274658203,112.55000305175781,113.62999725341797,8264400.0,112.58071899414062
114.5199966430664,110.72000122070312,113.30000305175781,111.12000274658203,7820600.0,110.09391021728516
112.12000274658203,109.51000213623047,110.79000091552734,111.36000061035156,6622700.0,110.3316879272461
111.73999786376953,109.31999969482422,111.68000030517578,109.80000305175781,3248200.0,108.78610229492188
109.26000213623047,105.45999908447266,108.91000366210938,106.0,7215700.0,105.02117919921875
108.4800033569336,104.1500015258789,107.0,104.1500015258789,4561400.0,103.18826293945312
107.2300033569336,102.52999877929688,102.91999816894531,106.69000244140625,6354200.0,105.97547912597656
109.33999633789062,107.23999786376953,107.86000061035156,109.29000091552734,4713000.0,108.55805969238281
109.95999908447266,106.45999908447266,108.80000305175781,106.58999633789062,4432600.0,105.87613677978516
108.4800033569336,106.33000183105469,106.44999694824219,108.12999725341797,2869900.0,107.40582275390625
109.48999786376953,108.0,108.61000061035156,108.52999877929688,3455900.0,107.80315399169922
110.08999633789062,108.86000061035156,109.13999938964844,110.08999633789062,6232700.0,109.35269927978516
111.2699966430664,109.8499984741211,111.11000061035156,110.56999969482422,6699200.0,109.82948303222656
111.62999725341797,110.19999694824219,110.6500015258789,110.45999908447266,3571400.0,109.72022247314453
110.54000091552734,108.54000091552734,110.36000061035156,108.81999969482422,3130300.0,108.0912094116211
109.4800033569336,107.91000366210938,109.44999694824219,109.38999938964844,7016100.0,108.65739440917969
109.73999786376953,108.79000091552734,109.30000305175781,109.51000213623047,2753900.0,108.77658081054688
109.98999786376953,108.9800033569336,109.7300033569336,109.63999938964844,2761500.0,108.90571594238281
109.77999877929688,107.95999908447266,109.5199966430664,108.88999938964844,4550000.0,108.16073608398438
111.13999938964844,109.06999969482422,109.08000183105469,110.08999633789062,3206900.0,109.35269927978516
110.93000030517578,109.37999725341797,110.93000030517578,110.44000244140625,3368300.0,109.70036315917969
111.13999938964844,110.0,111.0999984741211,110.7699966430664,3171800.0,110.02814483642578
110.69000244140625,108.69000244140625,110.43000030517578,109.6500015258789,2890000.0,108.9156494140625
109.33000183105469,106.08999633789062,109.13999938964844,107.06999969482422,10173400.0,106.3529281616211
109.54000091552734,106.37999725341797,107.0,109.52999877929688,3653900.0,108.79645538330078
110.61000061035156,108.75,109.79000091552734,108.88999938964844,6823600.0,108.16073608398438
111.55000305175781,109.02999877929688,109.41999816894531,110.91000366210938,4901400.0,110.1672134399414
112.16999816894531,111.26000213623047,111.5199966430664,111.44999694824219,2639800.0,110.7035903930664
112.22000122070312,111.33999633789062,111.8499984741211,111.81999969482422,3419400.0,111.07111358642578
112.27999877929688,111.20999908447266,111.68000030517578,112.02999877929688,2820700.0,111.27970886230469
112.98999786376953,111.16999816894531,112.83000183105469,112.0999984741211,3310900.0,111.3492431640625
111.8499984741211,110.22000122070312,111.23999786376953,110.54000091552734,2674400.0,109.79969024658203
112.3499984741211,111.0,111.5999984741211,111.79000091552734,3144100.0,111.04131317138672
111.44999694824219,109.88999938964844,111.11000061035156,111.27999877929688,3804800.0,110.53472900390625
111.88999938964844,110.25,111.80000305175781,111.2300033569336,3160100.0,110.48506927490234
111.97000122070312,109.83999633789062,111.2699966430664,111.97000122070312,4351400.0,111.2201156616211
112.94000244140625,111.23999786376953,111.69000244140625,112.80999755859375,3262500.0,112.05448150634766
113.37000274658203,110.47000122070312,112.93000030517578,110.48999786376953,3381100.0,109.75001525878906
110.29000091552734,108.08000183105469,108.37999725341797,109.76000213623047,5016200.0,109.02491760253906
109.87999725341797,106.13999938964844,109.19000244140625,106.37999725341797,3787300.0,105.66754913330078
109.5,106.66000366210938,106.86000061035156,109.05000305175781,4024600.0,108.31967163085938
111.44000244140625,109.44000244140625,109.86000061035156,111.2300033569336,3279800.0,110.48506927490234
111.66000366210938,109.98999786376953,110.73999786376953,111.51000213623047,3626600.0,110.76319885253906
112.0199966430664,110.26000213623047,111.66999816894531,110.41000366210938,3701500.0,109.67056274414062
109.75,107.5199966430664,108.58000183105469,109.69000244140625,3270900.0,108.95538330078125
110.20999908447266,108.66999816894531,109.75,109.91999816894531,3377900.0,109.183837890625
111.54000091552734,110.08000183105469,110.97000122070312,110.44999694824219,2124300.0,109.71028900146484
111.4800033569336,110.30999755859375,110.95999908447266,111.01000213623047,3101300.0,110.26654815673828
112.12000274658203,109.7300033569336,111.37000274658203,109.75,2585200.0,109.01497650146484
112.1500015258789,110.18000030517578,110.19000244140625,112.08999633789062,3554700.0,111.33930206298828
113.58000183105469,112.54000091552734,112.68000030517578,113.18000030517578,2763500.0,112.42200469970703
113.69000244140625,112.38999938964844,113.63999938964844,112.8499984741211,3384100.0,112.0942153930664
114.91000366210938,113.54000091552734,113.88999938964844,114.77999877929688,4559100.0,114.01128387451172
114.91999816894531,113.8499984741211,114.79000091552734,114.43000030517578,3951600.0,113.66364288330078
113.9800033569336,112.55000305175781,113.76000213623047,113.45999908447266,3615000.0,112.70013427734375
114.16000366210938,113.16000366210938,114.1500015258789,113.87000274658203,1877900.0,113.10739135742188
115.06999969482422,114.06999969482422,114.12999725341797,114.9800033569336,2932700.0,114.20995330810547
116.61000061035156,114.91000366210938,115.19999694824219,116.30000305175781,2451700.0,115.5211181640625
116.73999786376953,115.2300033569336,116.54000091552734,115.44000244140625,3132600.0,114.66687774658203
115.61000061035156,113.37000274658203,115.55999755859375,113.37999725341797,2653600.0,112.86802673339844
114.58000183105469,113.7699966430664,113.9000015258789,114.5199966430664,2399500.0,114.00287628173828
115.19999694824219,113.51000213623047,114.6500015258789,113.95999908447266,3056300.0,113.4454116821289
114.4000015258789,112.9800033569336,113.94999694824219,114.16000366210938,2450700.0,113.6445083618164
114.55999755859375,113.08000183105469,113.93000030517578,114.12000274658203,2673000.0,113.60469055175781
114.30000305175781,110.86000061035156,113.70999908447266,112.11000061035156,4399100.0,111.60376739501953
111.25,109.01000213623047,110.54000091552734,109.18000030517578,3055300.0,108.68699645996094
112.0199966430664,110.11000061035156,110.11000061035156,111.62999725341797,2798000.0,111.12593078613281
112.5199966430664,110.75,111.61000061035156,112.25,2870200.0,111.74313354492188
113.2300033569336,112.33999633789062,112.45999908447266,112.44000244140625,4044300.0,111.9322738647461
114.0999984741211,112.54000091552734,113.05000305175781,113.94000244140625,3858800.0,113.42550659179688
115.0999984741211,113.97000122070312,114.30999755859375,114.05999755859375,4289100.0,113.54496002197266
114.25,112.05999755859375,114.1500015258789,112.88999938964844,2692200.0,112.38024139404297
113.62999725341797,112.31999969482422,113.22000122070312,112.62999725341797,2103500.0,112.12141418457031
113.25,112.08999633789062,112.30000305175781,112.9800033569336,2700600.0,112.46984100341797
114.0199966430664,113.11000061035156,113.68000030517578,113.69000244140625,3411000.0,113.1766357421875
113.98999786376953,112.31999969482422,113.98999786376953,112.48999786376953,4312900.0,111.98204803466797
112.79000091552734,109.7300033569336,112.73999786376953,110.8499984741211,3439800.0,110.34944915771484
111.33000183105469,109.22000122070312,110.69999694824219,110.11000061035156,2869700.0,109.61279296875
110.16000366210938,107.2699966430664,108.16000366210938,108.81999969482422,3787000.0,108.32862091064453
111.70999908447266,110.19000244140625,110.26000213623047,111.58999633789062,2502100.0,111.08610534667969
112.23999786376953,110.75,111.22000122070312,112.12000274658203,11474200.0,111.61372375488281
111.62999725341797,109.95999908447266,111.55000305175781,110.0199966430664,2841400.0,109.52320098876953
111.20999908447266,108.66000366210938,110.5199966430664,108.7300033569336,2931600.0,108.23902893066406
108.72000122070312,107.08000183105469,108.18000030517578,108.23999786376953,3745100.0,107.75123596191406
109.16000366210938,106.44999694824219,109.16000366210938,106.66999816894531,4849200.0,106.18832397460938
106.02999877929688,103.5199966430664,104.6500015258789,104.62000274658203,5832000.0,104.14759063720703
108.51000213623047,104.73999786376953,104.93000030517578,107.7699966430664,4366400.0,107.28335571289062
110.05000305175781,108.45999908447266,108.45999908447266,109.56999969482422,2425700.0,109.07523345947266
109.41000366210938,107.08000183105469,109.31999969482422,107.5199966430664,3225500.0,107.03448486328125
108.47000122070312,107.12000274658203,108.19000244140625,108.4000015258789,3696700.0,107.91051483154297
109.9000015258789,108.6500015258789,108.72000122070312,109.36000061035156,3165400.0,108.86618041992188
108.69000244140625,107.38999938964844,108.62000274658203,108.33000183105469,2889400.0,107.84083557128906
110.13999938964844,107.62999725341797,108.93000030517578,109.25,3124400.0,108.75667572021484
111.30999755859375,109.88999938964844,110.11000061035156,110.61000061035156,2682800.0,110.11053466796875
111.38999938964844,109.80999755859375,110.0999984741211,110.26000213623047,2679300.0,109.76212310791016
112.36000061035156,109.44999694824219,110.68000030517578,109.55999755859375,7429100.0,109.06527709960938
110.70999908447266,108.43000030517578,109.93000030517578,110.56999969482422,5104800.0,110.07071685791016
110.16000366210938,108.55999755859375,109.55999755859375,108.62000274658203,2722900.0,108.12952423095703
110.43000030517578,109.16000366210938,109.26000213623047,110.13999938964844,2553900.0,109.64266204833984
111.95999908447266,110.70999908447266,111.0,111.48999786376953,3035800.0,110.98656463623047
111.19000244140625,110.19999694824219,111.18000030517578,110.55000305175781,2633700.0,110.05081176757812
111.86000061035156,110.22000122070312,110.75,111.62000274658203,2724600.0,111.11598205566406
112.41999816894531,110.87999725341797,111.7699966430664,112.4000015258789,5037200.0,111.8924560546875
112.4800033569336,111.19999694824219,112.38999938964844,111.83000183105469,2208300.0,111.32502746582031
111.93000030517578,110.87000274658203,111.91999816894531,111.01000213623047,1859900.0,110.50873565673828
110.9000015258789,109.54000091552734,110.43000030517578,110.45999908447266,2233700.0,109.96121215820312
109.66999816894531,107.63999938964844,109.55000305175781,108.86000061035156,2841000.0,108.36843872070312
109.66999816894531,107.87000274658203,108.69999694824219,107.9800033569336,2897800.0,107.49241638183594
107.7699966430664,106.19999694824219,106.83999633789062,107.0199966430664,3421400.0,106.5367431640625
108.87999725341797,106.76000213623047,106.87999725341797,108.63999938964844,2793900.0,108.14942932128906
110.20999908447266,109.19000244140625,109.54000091552734,110.0199966430664,2604900.0,109.52320098876953
110.95999908447266,109.97000122070312,110.2300033569336,110.79000091552734,2831000.0,110.28972625732422
111.95999908447266,110.41000366210938,110.79000091552734,111.19999694824219,2632000.0,110.69786834716797
111.2300033569336,109.7699966430664,110.94999694824219,109.97000122070312,2361000.0,109.47342681884766
113.41000366210938,110.12000274658203,110.16999816894531,113.19999694824219,3440200.0,112.6888427734375
113.58000183105469,112.33000183105469,113.54000091552734,112.52999877929688,3330700.0,112.02186584472656
112.80999755859375,111.66000366210938,112.36000061035156,112.37000274658203,3138100.0,111.86259460449219
113.20999908447266,111.5999984741211,112.91999816894531,112.88999938964844,4466300.0,112.38024139404297
114.0199966430664,112.88999938964844,113.2699966430664,113.37000274658203,4272900.0,112.85807800292969
113.33000183105469,112.29000091552734,113.04000091552734,112.66999816894531,2515600.0,112.1612319946289
112.93000030517578,111.58999633789062,112.61000061035156,111.63999938964844,3065200.0,111.1358871459961
111.51000213623047,110.18000030517578,111.33999633789062,110.69999694824219,3496800.0,110.20012664794922
111.61000061035156,110.2300033569336,110.48999786376953,110.41999816894531,5794200.0,109.92139434814453
111.19000244140625,109.16000366210938,111.0,109.30000305175781,2970600.0,108.80645751953125
110.2300033569336,108.91000366210938,110.0199966430664,110.12999725341797,3854800.0,109.63270568847656
110.54000091552734,108.1500015258789,110.54000091552734,108.72000122070312,3192600.0,108.22907257080078
109.98999786376953,108.55000305175781,108.75,109.88999938964844,3489500.0,109.39379119873047
110.16999816894531,108.69000244140625,109.79000091552734,109.4800033569336,3056700.0,108.98564147949219
109.95999908447266,108.58000183105469,109.2699966430664,109.41999816894531,4850100.0,108.92591094970703
107.9800033569336,106.0199966430664,107.20999908447266,107.55000305175781,5710500.0,107.06436157226562
108.45999908447266,106.55000305175781,108.19000244140625,107.3499984741211,4770500.0,106.8652572631836
109.9800033569336,107.9800033569336,108.0,109.08999633789062,3340600.0,108.59739685058594
111.69999694824219,109.52999877929688,109.77999877929688,110.94999694824219,3067800.0,110.4489974975586
111.0199966430664,109.69999694824219,109.93000030517578,110.30000305175781,3567200.0,110.30000305175781
113.18000030517578,110.52999877929688,110.52999877929688,112.33000183105469,3875700.0,112.33000183105469
112.3499984741211,110.5,112.05000305175781,110.7300033569336,3985300.0,110.7300033569336
111.56999969482422,110.4000015258789,111.05000305175781,111.06999969482422,2552000.0,111.06999969482422
111.79000091552734,109.18000030517578,111.55000305175781,109.19000244140625,5323300.0,109.19000244140625
112.08000183105469,109.12000274658203,109.83999633789062,111.33999633789062,5374900.0,111.33999633789062
111.83000183105469,110.23999786376953,111.12999725341797,110.94999694824219,4453400.0,110.94999694824219
112.13999938964844,110.5999984741211,111.2699966430664,111.25,3114200.0,111.25
110.70999908447266,108.69000244140625,110.0999984741211,110.45999908447266,3933800.0,110.45999908447266
112.87000274658203,111.23999786376953,111.30000305175781,112.13999938964844,2741800.0,112.13999938964844
112.55000305175781,111.4000015258789,112.23999786376953,111.41000366210938,2107200.0,111.41000366210938
112.33000183105469,110.72000122070312,111.63999938964844,110.77999877929688,1922900.0,110.77999877929688
111.55999755859375,110.62000274658203,110.9000015258789,111.08000183105469,2992400.0,111.08000183105469
111.26000213623047,109.83000183105469,111.23999786376953,111.04000091552734,2399700.0,111.04000091552734
112.5999984741211,111.80999755859375,112.1500015258789,112.52999877929688,2160900.0,112.52999877929688
114.12999725341797,111.83999633789062,113.94000244140625,112.0,3971500.0,112.0
112.55999755859375,111.44000244140625,111.4800033569336,112.19000244140625,3076400.0,112.19000244140625
112.80999755859375,111.73999786376953,112.70999908447266,112.37000274658203,2384700.0,112.37000274658203
