Date,Open,High,Low,Close,Adj Close,Volume,MEAN,%Change,Log%Chang,Variance,Stdev,Volitility (w/ 21days),Sharpe Ratio,,
2019-10-01,5.64,5.82,5.49,5.58,5.58,6592400,65.96,0.048872180451128,0.047715473039667,0.013335729947533,0.115480431015532,0.529197816414802,3.10938821166451,,
2019-10-02,5.55,5.55,5.24,5.32,5.32,8154900,66.08,-0.018450184501845,-0.018622512098002,0.013356354078589,0.115569693599098,0.529606868960719,-1.26828440407239,,return = logarithm(current closing price / previous closing price)
2019-10-03,5.30,5.48,5.23,5.42,5.42,4346700,66.20,-0.023423423423423,-0.023702112306788,0.013382740988497,0.115683797432903,0.530129758416217,-1.60675508309131,,volatility = std(returns) * sqrt(trading days)
2019-10-04,5.43,5.56,5.37,5.55,5.55,4213100,66.32,0.010928961748634,0.010869672236904,0.013408942540765,0.115796988478826,0.53064846495215,0.68317501798871,,sharpe_ratio = (mean(returns) - risk-free rate) / volatility
2019-10-07,5.48,5.58,5.41,5.49,5.49,4154800,66.44,0.049713193116635,0.048516977444608,0.01343518057543,0.115910226362603,0.531167386126094,3.18582474769354,,risk free- at avg 2%
2019-10-08,5.43,5.44,5.16,5.23,5.23,4823100,66.56,0.04809619238477,0.046975368313404,0.013455973255094,0.115999884720177,0.531578252336363,3.08915534816862,,Volatility calculated at 21 days 
2019-10-09,5.25,5.30,4.96,4.99,4.99,5809600,66.69,-0.011881188118812,-0.011952333523841,0.013477165274177,0.116091193783924,0.531996683032617,-0.834635699272602,,
2019-10-10,5.02,5.15,4.96,5.05,5.05,5228000,66.81,-0.059590316573557,-0.061439665233505,0.013504290361991,0.116207961697946,0.532531780837367,-4.14227261862387,,
2019-10-11,5.14,5.49,5.14,5.37,5.37,5909200,66.93,-0.037634408602151,-0.038360867872446,0.013525603054407,0.116299626200632,0.532951840359467,-2.6051409069788,,
2019-10-14,5.32,5.59,5.22,5.58,5.58,5273900,67.06,-0.005347593582888,-0.005361943141385,0.013550991650231,0.116408726692766,0.533451801623026,-0.397048984711104,,
2019-10-15,5.60,5.91,5.59,5.61,5.61,6350900,67.18,-0.045918367346939,-0.047006042375931,0.013578473217642,0.116526706027595,0.53399245085532,-3.19538895834652,,
2019-10-16,5.58,5.91,5.58,5.88,5.88,3868700,67.31,-0.024875621890547,-0.025190248828559,0.013602807149726,0.11663107283107,0.534470719632284,-1.73287793905517,,
2019-10-17,5.89,6.05,5.80,6.03,6.03,3606600,67.43,0.015151515151515,0.015037877364541,0.013629827849264,0.116746853701775,0.535001294236319,0.9766316584048,,
2019-10-18,6.03,6.05,5.77,5.94,5.94,3197100,67.56,0.001686340640809,0.001684920364919,0.013656664025781,0.116861730373039,0.535527725277971,0.076479312232102,,
2019-10-21,5.98,6.16,5.82,5.93,5.93,3611600,67.68,-0.071987480438185,-0.074710055379809,0.01368444089237,0.116980515011562,0.5360720648754,-5.09375951711381,,
2019-10-22,5.93,6.44,5.93,6.39,6.39,4174500,67.81,-0.006220839813375,-0.006240269860085,0.013703044623899,0.117060004373395,0.536436330892946,-0.460417187820017,,
2019-10-23,6.33,6.62,6.23,6.43,6.43,4071400,67.93,0.001557632398754,0.001556420547658,0.013731181705275,0.117180125043776,0.536986792957494,0.068486857887579,,
2019-10-24,6.50,6.55,6.03,6.42,6.42,4268200,68.06,0.011023622047244,0.01096330479727,0.013759292027418,0.117300008642021,0.537536168621033,0.708940897587443,,
2019-10-25,6.32,6.43,6.25,6.35,6.35,2645400,68.19,0.025848142164782,0.025519726208096,0.013787010310376,0.117418100437608,0.538077333213267,1.7028986533722,,
2019-10-28,6.38,6.49,6.17,6.19,6.19,2854700,68.31,0.065404475043029,0.063354515832685,0.013813329311829,0.117530120870475,0.538590675326262,4.29076814754941,,
2019-10-29,6.21,6.25,5.79,5.81,5.81,3918800,68.44,0.013961605584642,0.013865040137172,0.013831689571897,0.117608203676006,0.53894849569308,0.911821481353772,,
2019-10-30,5.76,5.83,5.52,5.73,5.73,3739500,68.57,0.053308823529412,0.051936469858797,0.013859477369405,0.117726281557707,0.539489596523875,3.52420843779079,,
2019-10-31,5.63,5.69,5.31,5.44,5.44,4358600,68.70,-0.068493150684932,-0.070951735972284,0.013881034105961,0.11781780046309,0.539908988835314,-4.91143047410243,,
2019-11-01,5.45,6.00,5.43,5.84,5.84,5210400,68.83,-0.001709401709402,-0.001710864403629,0.01390146988184,0.117904494748249,0.540306271959373,-0.154777040104642,,
2019-11-04,5.90,6.02,5.77,5.85,5.85,3670000,68.96,-0.01015228426396,-0.010204170174242,0.013930431559361,0.118027249223903,0.540868803635953,-0.740680030109394,,
2019-11-05,5.88,6.20,5.86,5.91,5.91,3374100,69.09,-0.029556650246305,-0.030002250303799,0.013959554331274,0.118150557896581,0.541433874962347,-2.10990630671924,,
2019-11-06,5.90,6.19,5.82,6.09,6.09,4128300,69.23,-0.020900321543408,-0.021121825029283,0.013987715710327,0.118269673671348,0.54197973201668,-1.49907353413664,,
2019-11-07,6.18,6.32,6.04,6.22,6.22,3129300,69.36,0.021346469622332,0.021121825029283,0.014016683668792,0.118392076038861,0.542540650131049,1.42809802034847,,
2019-11-08,6.17,6.28,6.05,6.09,6.09,1968700,69.49,0.011627906976744,0.011560822401076,0.014044523885011,0.118509594063143,0.543079185372844,0.766535475158031,,
2019-11-11,6.05,6.09,5.77,6.02,6.02,3109400,69.62,0.016891891891892,0.016750810424815,0.014073420590715,0.118631448573785,0.543637592891631,1.12945710361546,,
2019-11-12,6.03,6.07,5.87,5.92,5.92,1834500,69.76,-0.003367003367003,-0.003372684478639,0.014101968944406,0.118751711332537,0.544188706086894,-0.272020911582725,,
2019-11-13,5.91,5.97,5.81,5.94,5.94,1533600,69.89,-0.006688963210703,-0.006711434587987,0.014131815703223,0.11887731366086,0.544764288263897,-0.505787748959847,,
2019-11-14,5.95,6.11,5.90,5.98,5.98,1708700,70.03,0.017006802721089,0.016863806052005,0.014161819133823,0.119003441688982,0.545342279500022,1.14424856403052,,
2019-11-15,6.00,6.01,5.85,5.88,5.88,2165900,70.16,0.04626334519573,0.045225098004936,0.014190720194922,0.119124809317461,0.545898455844447,3.13648058284297,,
2019-11-18,5.85,5.85,5.61,5.62,5.62,2995900,70.30,0.021818181818182,0.021583571667174,0.014215102775995,0.119227105877797,0.546367237575519,1.4807031735464,,
2019-11-19,5.57,5.66,5.45,5.50,5.50,3360500,70.44,0.007326007326007,0.007299302481612,0.014243687849237,0.11934692224451,0.546916305145476,0.477571214630829,,
2019-11-20,5.54,5.54,5.36,5.46,5.46,2666700,70.58,-0.007272727272727,-0.007299302481612,0.014273725646642,0.119472698331635,0.547492683585341,-0.551680697307301,,
2019-11-21,5.46,5.58,5.35,5.50,5.50,2784000,70.71,-0.028268551236749,-0.028675799976666,0.014304355930615,0.119600819105116,0.548079806727913,-2.06428429815917,,
2019-11-22,5.59,5.85,5.50,5.66,5.66,3493100,70.85,-0.061359867330017,-0.063323118524003,0.014334143794175,0.119725284690306,0.548650179693466,-4.5231550301408,,
2019-11-25,5.67,6.06,5.63,6.03,6.03,2744900,70.99,-0.011475409836066,-0.011541760440171,0.014358274330992,0.119826016920332,0.54911179276248,-0.855818096500119,,
2019-11-26,6.03,6.26,6.01,6.10,6.10,2648700,71.13,-0.039370078740158,-0.040166041725335,0.014389245833456,0.119955182603571,0.549703704283115,-2.89354235261434,,
2019-11-27,6.10,6.39,6.02,6.35,6.35,3030000,71.27,0.001577287066246,0.001576044455466,0.014418039674129,0.120075141782674,0.550253426301659,0.075983879591833,,
2019-11-29,6.33,6.39,6.24,6.34,6.34,1369000,71.41,0.027552674230146,0.027179930531838,0.014449149017269,0.120204613128069,0.550846738542259,1.9047220478745,,
2019-12-02,6.35,6.46,6.09,6.17,6.17,2060600,71.55,0.008169934640523,0.008136741393062,0.014477986999817,0.120324507062429,0.551396161571828,0.54595243947971,,
2019-12-03,6.04,6.18,5.93,6.12,6.12,2214900,71.70,-0.048211508553655,-0.049412441725293,0.014509011729959,0.120453359147678,0.551986636005934,-3.5789451228391,,
2019-12-04,6.17,6.49,6.12,6.43,6.43,2872400,71.84,0.0046875,0.004676547883902,0.014536809341262,0.120568691380732,0.552515154693972,0.299761945883084,,
2019-12-05,6.32,6.52,6.24,6.40,6.40,4381400,71.98,-0.041916167664671,-0.042819997182928,0.014568309037391,0.120699250359691,0.553113451097708,-3.11842070423546,,
2019-12-06,6.39,6.68,6.39,6.68,6.68,4757300,72.13,0.055292259083728,0.05381775139247,0.014597473210675,0.120820003354885,0.55366681083858,3.84548368172063,,
2019-12-09,6.65,6.92,6.19,6.33,6.33,6250600,72.27,-0.027649769585254,-0.028039220064393,0.014621367806466,0.120918848019928,0.554119773998179,-2.06243801397768,,
2019-12-10,6.29,6.54,6.12,6.51,6.51,9594900,72.41,0.177215189873418,0.163151640686234,0.01465262265766,0.121048017983195,0.554711705132369,11.7782170715654,,
2019-12-11,5.25,5.81,5.18,5.53,5.53,19517800,72.56,-0.008960573476702,-0.009000960858976,0.01462073615652,0.120916236116246,0.554107804751852,-0.689182809290126,,
2019-12-12,5.46,5.71,5.41,5.58,5.58,6387300,72.71,0.023853211009174,0.023573167718067,0.014653078659747,0.121049901527209,0.554720336615386,1.67784022260284,,
2019-12-13,5.47,5.62,5.24,5.45,5.45,5439000,72.85,-0.009090909090909,-0.009132483563272,0.014683407720536,0.121175111803273,0.555294122183235,-0.701350228509229,,
2019-12-16,5.39,5.59,5.39,5.50,5.50,4406900,73.00,-0.092409240924092,-0.096961707842798,0.014716032823881,0.121309656762685,0.555910684644117,-7.11443479704526,,
2019-12-17,5.50,6.08,5.49,6.06,6.06,4141400,73.15,-0.016233766233766,-0.016366977464205,0.014731014371096,0.121371390249498,0.556193583020348,-1.23324048253952,,
2019-12-18,6.06,6.27,5.93,6.16,6.16,5264100,73.30,0.016501650165017,0.016366977464206,0.014763719394614,0.121506046740948,0.556810656585237,1.16380314405876,,
2019-12-19,6.21,6.24,6.03,6.06,6.06,4452000,73.45,0.011686143572621,0.011618387953865,0.014795474972045,0.121636651433872,0.557409162476676,0.817500917774991,,
2019-12-20,6.06,6.22,5.96,5.99,5.99,5484600,73.60,0.067736185383244,0.065540692592753,0.014827826209214,0.121769561915996,0.558018234821661,4.78804162446831,,
2019-12-23,6.05,6.07,5.54,5.61,5.61,6282700,73.75,0.03125,0.030771658666754,0.014849113334041,0.121856937980737,0.558418642252268,2.23367425578075,,
2019-12-24,5.65,5.67,5.44,5.44,5.44,3395500,73.91,0.007407407407407,0.007380107297622,0.014879212908692,0.121980379195555,0.558984320963049,0.509650463403334,,
2019-12-26,5.47,5.51,5.25,5.40,5.40,4264400,74.06,-0.084745762711864,-0.088553397341445,0.014912278539261,0.122115840656571,0.559605083361901,-6.59393643046735,,
2019-12-27,5.42,5.98,5.39,5.90,5.90,11041300,74.21,-0.037520391517129,-0.038242399036446,0.014931244512196,0.12219347164311,0.55996083323399,-2.8738333593078,,
2019-12-30,5.88,6.25,5.76,6.13,6.13,4482100,74.37,0.008223684210526,0.008190053970044,0.014962976316628,0.122323245201508,0.560555530388553,0.573399706925703,,
2019-12-31,6.08,6.39,5.99,6.08,6.08,4322600,74.52,-0.036450079239303,-0.037130980575046,0.014996415948042,0.122459854434185,0.561181552537928,-2.80273132694887,,
2020-01-02,6.14,6.47,6.07,6.31,6.31,4453600,74.68,0.07312925170068,0.070578914642586,0.015028588642214,0.122591144224262,0.561783197938931,5.2350675730728,,
2020-01-03,6.21,6.25,5.84,5.88,5.88,3543900,74.83,0.005128205128205,0.00511510066677,0.015048929670802,0.122674079050148,0.562163253056301,0.347201706232003,,
2020-01-06,5.80,5.91,5.60,5.85,5.85,3394800,74.99,0.059782608695652,0.058063800954761,0.015082987824421,0.122812816205888,0.562799026574181,4.31867437772752,,
2020-01-07,5.77,5.83,5.44,5.52,5.52,5228000,75.15,-0.034965034965035,-0.035590945102703,0.015107620057442,0.122913058937778,0.563258396480937,-2.71009488391495,,
2020-01-08,5.49,5.85,5.41,5.72,5.72,5629400,75.31,0.030630630630631,0.030170877633363,0.015140585425716,0.12304708621384,0.563872586618678,2.23661831802061,,
2020-01-09,5.82,5.82,5.48,5.55,5.55,2643000,75.47,0.022099447513812,0.021858793812499,0.015172132701968,0.123175211394046,0.564459729955402,1.61418337378699,,
2020-01-10,5.56,5.60,5.38,5.43,5.43,2781400,75.63,0,0,0.015205116882431,0.12330903001172,0.56507296390029,-0.035393659363836,,
2020-01-13,5.43,5.61,5.33,5.43,5.43,3625200,75.79,0.152866242038216,0.142251225917518,0.015240165119954,0.123451063664733,0.565723843866453,10.7457789648147,,
2020-01-14,4.78,5.00,4.53,4.71,4.71,12561900,75.95,0.021691973969631,0.021460051019769,0.015223006085027,0.123381546776765,0.565405277465263,1.59455816083332,,
2020-01-15,4.66,4.73,4.55,4.61,4.61,4981100,76.12,-0.002164502164502,-0.00216684808509,0.015256333622191,0.123516531776887,0.566023856446002,-0.2002677037549,,
2020-01-16,4.61,4.71,4.52,4.62,4.62,4287100,76.28,-0.027368421052632,-0.027749912952902,0.015291804118613,0.123660034443685,0.566681468279031,-2.15213123997722,,
2020-01-17,4.58,4.75,4.51,4.75,4.75,4019500,76.45,0.034858387799564,0.034264593974096,0.015326661059413,0.123800892805397,0.567326962383844,2.5842528547154,,
2020-01-21,4.75,4.75,4.55,4.59,4.59,3532100,76.62,0.006578947368421,0.006557400546159,0.015358279324675,0.12392852506455,0.567911846872535,0.467188215240721,,
2020-01-22,4.55,4.64,4.46,4.56,4.56,2627500,76.78,-0.012987012987013,-0.013072081567353,0.01539379723257,0.124071742280705,0.568568150606383,-1.03891280999089,,
2020-01-23,4.55,4.64,4.46,4.62,4.62,1880200,76.95,0.069444444444444,0.067139302837629,0.015429969667976,0.12421742900244,0.569235771036485,5.13149710341597,,
2020-01-24,4.64,4.64,4.25,4.32,4.32,4163600,77.12,0.009345794392523,0.009302392662314,0.015452822217264,0.124309381050924,0.569657148258967,0.682326186078608,,
2020-01-27,4.20,4.35,4.16,4.28,4.28,2122500,77.30,0.016627078384798,0.016490361899416,0.015488584395633,0.124453141365066,0.570315940780456,1.23955443400544,,
2020-01-28,4.30,4.30,4.18,4.21,4.21,2144900,77.47,0.019370460048426,0.019185240721349,0.015523772980655,0.124594433987456,0.570963424917697,1.45119869068787,,
2020-01-29,4.22,4.32,4.13,4.13,4.13,1552600,77.64,0.05089058524173,0.049637981091772,0.015558779475607,0.124734836656033,0.571606830774222,3.81892371167365,,
2020-01-30,4.10,4.12,3.88,3.93,3.93,3006500,77.81,0.0234375,0.023167059281534,0.015587650386478,0.124850512159455,0.572136922524708,1.76777871604845,,
2020-01-31,3.91,3.94,3.83,3.84,3.84,2891700,77.99,-0.027848101265823,-0.028243212313395,0.015622373443754,0.124989493333454,0.572773814274729,-2.23760860667509,,
2020-02-03,3.88,3.98,3.85,3.95,3.95,2025600,78.17,-0.02948402948403,-0.029927420541473,0.015658868744862,0.125135401645025,0.57344245015703,-2.37420307358672,,
2020-02-04,4.03,4.25,3.97,4.07,4.07,3563100,78.34,-0.026315789473684,-0.026668247082161,0.01569537267616,0.125281174468313,0.574110465154014,-2.12412753826236,,
2020-02-05,4.15,4.41,4.14,4.18,4.18,2641700,78.52,0.009661835748792,0.009615458699442,0.015732350108272,0.125428665416927,0.574786353590358,0.720224311068016,,
2020-02-06,4.20,4.30,4.14,4.14,4.14,1510300,78.70,0.086614173228346,0.083066598698613,0.015769425766734,0.125576374237889,0.575463240443229,6.50256478901116,,
2020-02-07,4.11,4.13,3.77,3.81,3.81,2742300,78.88,-0.032994923857868,-0.033551534171233,0.015786989806227,0.125646288469764,0.57578362770295,-2.68124560217008,,
2020-02-10,3.85,4.10,3.74,3.94,3.94,2777000,79.06,-0.019900497512438,-0.020101179321087,0.015823779036603,0.12579260326666,0.576454126335019,-1.62389119744848,,
2020-02-11,3.98,4.24,3.95,4.02,4.02,3415000,79.24,-0.040572792362769,-0.041418831303117,0.015861895527206,0.125944017433166,0.577147993214321,-3.31673537028332,,
2020-02-12,4.13,4.51,4.07,4.19,4.19,4820600,79.42,0.019464720194647,0.019277705425903,0.015897948222339,0.126087066039063,0.577803524278901,1.49648780271797,,
2020-02-13,4.12,4.26,4.07,4.11,4.11,2081700,79.61,0.022388059701493,0.022141125877214,0.015934759652807,0.126232957870783,0.578472084641034,1.72799359416912,,
2020-02-14,4.11,4.19,4.02,4.02,4.02,1582700,79.79,-0.009852216748768,-0.009901070982712,0.015971322598717,0.126377698185702,0.579135368090263,-0.824538043253045,,
2020-02-18,4.01,4.08,3.96,4.06,4.06,1467600,79.97,-0.021686746987952,-0.021925360628966,0.016010466824558,0.126532473399351,0.579844637222513,-1.78796255167372,,
2020-02-19,4.06,4.27,3.92,4.15,4.15,2593100,80.16,0.002415458937198,0.002412546405384,0.016049406265463,0.126686251288225,0.580549336038489,0.158939943724833,,
2020-02-20,4.16,4.30,4.11,4.14,4.14,1562300,80.35,0.024752475247525,0.024451095864164,0.016088605158255,0.126840865490012,0.581257867321693,1.93015051676094,,
2020-02-21,4.12,4.18,3.99,4.04,4.04,1695700,80.53,0.091891891891892,0.08791187232288,0.016125526211251,0.126986322929878,0.581924437050273,7.04549834632764,,
2020-02-24,3.90,3.93,3.70,3.70,3.70,3566300,80.72,0.039325842696629,0.03857227478624,0.016141997105558,0.12705115940265,0.582221555094543,3.07928358759376,,
2020-02-25,3.77,3.79,3.55,3.56,3.56,4447900,80.91,0.050147492625369,0.04893062347158,0.016176296270662,0.127186069483499,0.582839790752049,3.92477314459467,,
2020-02-26,3.58,3.62,3.36,3.39,3.39,4724800,81.10,-0.023054755043228,-0.023324672566409,0.016207978735629,0.127310560188967,0.583410278833175,-1.92599931422119,,
2020-02-27,3.23,3.63,3.18,3.47,3.47,3879500,81.30,-0.036111111111111,-0.036779251503297,0.016247939885426,0.127467407149538,0.584129041902515,-3.0242662098192,,
2020-02-28,3.34,3.72,3.34,3.60,3.60,4692200,81.49,-0.060052219321149,-0.06193095773049,0.016286730014319,0.127619473491778,0.584825897426485,-5.08096273571535,,
2020-03-02,3.60,3.85,3.39,3.83,3.83,3208400,81.68,0.055096418732783,0.053632154915795,0.016320692445579,0.127752465516635,0.585435343447215,4.34674852786866,,
2020-03-03,3.88,3.89,3.50,3.63,3.63,4282500,81.88,-0.037135278514589,-0.03784235318316,0.016351640296747,0.127873532432429,0.585990141752995,-3.13262619190564,,
2020-03-04,3.71,3.83,3.46,3.77,3.77,4257600,82.08,-0.047979797979798,-0.04916902380647,0.016390831178736,0.128026681511066,0.586691958998462,-4.06964507377723,,
2020-03-05,3.70,3.99,3.59,3.96,3.96,3599400,82.27,0.010204081632653,0.010152371464018,0.016428268256884,0.128172806230041,0.587361586584072,0.801204410423665,,
2020-03-06,3.84,4.07,3.76,3.92,3.92,2096800,82.47,0.059459459459459,0.057758834152192,0.016468873616593,0.128331109309448,0.588087022428195,4.72931446376225,,
2020-03-09,3.59,3.97,3.50,3.70,3.70,2732000,82.67,-0.125295508274232,-0.133869173408008,0.016499128060022,0.128448931720048,0.588626952543334,-11.1006106379389,,
2020-03-10,3.94,4.26,3.80,4.23,4.23,4863200,82.87,0.021739130434783,0.021506205220964,0.016501823800768,0.128459424725351,0.588675037534405,1.74818963227942,,
2020-03-11,4.14,4.25,4.00,4.14,4.14,4414100,83.07,0.040201005025126,0.039413968540877,0.016541468670692,0.12861364107548,0.589381745632268,3.24006745750975,,
2020-03-12,3.70,4.04,3.48,3.98,3.98,5123400,83.27,-0.132897603485839,-0.142598204776107,0.016577631011989,0.128754149494255,0.590025636097086,-11.9077445404583,,
2020-03-13,4.13,4.65,3.85,4.59,4.59,5787200,83.47,0.050343249427918,0.049117014964955,0.016574706661767,0.1287427926595,0.589973592542162,4.06590367702745,,
2020-03-16,3.93,4.57,3.90,4.37,4.37,4866700,83.67,0.033096926713948,0.032561016049312,0.016608514438719,0.128874025461764,0.590574976792199,2.6905756993345,,
2020-03-17,4.40,4.65,4.11,4.23,4.23,3562200,83.88,0.122015915119364,0.115126991598267,0.01664675540594,0.129022305846471,0.591254482879196,9.62247364317059,,
2020-03-18,4.10,4.25,3.50,3.77,3.77,3651700,84.08,-0.100238663484487,-0.105625732474127,0.016649483338518,0.12903287696753,0.591302925841628,-8.91482975650071,,
2020-03-19,3.71,4.20,3.55,4.19,4.19,5039500,84.29,0.11436170212766,0.108281776532243,0.01666881491939,0.129107764752512,0.59164610478494,9.0929348405782,,
2020-03-20,4.08,4.08,3.65,3.76,3.76,7722200,84.49,-0.013123359580053,-0.013210231736807,0.016675892185227,0.129135170210236,0.591771692369414,-1.14998083966616,,
2020-03-23,3.58,3.86,3.50,3.81,3.81,6009800,84.70,-0.084134615384615,-0.087885885134562,0.016719291339432,0.129303098723238,0.592541237491586,-7.47795605425561,,
2020-03-24,3.95,4.21,3.89,4.16,4.16,6805600,84.91,-0.002398081534772,-0.002400961537538,0.01674704356293,0.129410368838551,0.593032810914813,-0.237598198965475,,
2020-03-25,4.15,4.49,4.04,4.17,4.17,3592100,85.12,-0.054421768707483,-0.055958653648045,0.016790742444368,0.129579097250938,0.593806021636466,-4.79707544090401,,
2020-03-26,4.24,4.71,4.24,4.41,4.41,6185700,85.33,0.045023696682465,0.044039561410834,0.016829197026193,0.129727395048974,0.594485607521362,3.72446596446965,,
2020-03-27,4.94,5.09,4.15,4.22,4.22,7024800,85.55,0.156164383561644,0.14510796045352,0.016865880776158,0.129868705915465,0.59513317526358,12.3798976521879,,
2020-03-30,4.22,4.27,3.65,3.65,3.65,3350600,85.76,0.042857142857143,0.041964199099032,0.01684691318696,0.129795659353309,0.594798433863241,3.56523038142029,,
2020-03-31,3.63,3.80,3.50,3.50,3.50,2300900,85.98,0.076923076923077,0.074107972153722,0.016884266432693,0.129939472188757,0.59545746706759,6.33793498688995,,
2020-04-01,3.45,3.49,3.12,3.25,3.25,4568700,86.19,0.140350877192982,0.131336002061087,0.016910090826523,0.130038805079572,0.595912667558748,11.2867905128083,,
2020-04-02,3.26,3.35,2.85,2.85,2.85,4064300,86.41,0.017857142857143,0.017699577099401,0.01690137903496,0.130005303872418,0.59575914574109,1.49590743582359,,
2020-04-03,2.85,2.94,2.57,2.80,2.80,3830400,86.63,-0.093851132686084,-0.098551673728496,0.016944258012585,0.130170111825199,0.596514390659842,-8.57154320425768,,
2020-04-06,2.86,3.20,2.83,3.09,3.09,3340500,86.86,-0.055045871559633,-0.056618893999508,0.016969015726095,0.13026517464808,0.59695002324147,-4.95130030371062,,
2020-04-07,3.39,3.44,3.10,3.27,3.27,2836900,87.08,-0.041055718475073,-0.041922306386264,0.017008858643289,0.130418015025872,0.597650425841946,-3.68411135700133,,
2020-04-08,3.23,3.67,3.20,3.41,3.41,2884500,87.31,-0.123393316195373,-0.13169686633493,0.017051945226309,0.130583097016072,0.598406926557914,-11.531262752356,,
2020-04-09,3.60,4.25,3.49,3.89,3.89,5908600,87.53,-0.179324894514768,-0.19762797807663,0.01705825137149,0.130607240884606,0.598517567663039,-17.3318457794871,,
2020-04-13,4.25,4.76,4.16,4.74,4.74,6844500,87.76,-0.203361344537815,-0.227354083850553,0.017009194955662,0.130419304382681,0.597656334417121,-19.9849460999287,,
2020-04-14,5.21,6.47,5.14,5.95,5.95,13506600,87.98,0.129032258064516,0.121360857004268,0.016926601014451,0.130102271365455,0.596203506617883,10.6436452047815,,
2020-04-15,5.66,5.67,4.90,5.27,5.27,7499900,88.20,0.047713717693837,0.046610378441623,0.016926188959477,0.130100687774804,0.596196249693857,4.07751582740982,,
2020-04-16,5.12,5.44,4.88,5.03,5.03,3371900,88.43,0.030737704918033,0.030274764246592,0.016963707428179,0.130244798084911,0.596856646098342,2.64354657689279,,
2020-04-17,5.22,5.28,4.43,4.88,4.88,5653200,88.65,-0.130124777183601,-0.139405499669549,0.017005688829294,0.130405861943757,0.597594733423226,-12.3920339904739,,
2020-04-20,4.85,5.90,4.78,5.61,5.61,6085000,88.88,0.173640167364017,0.16011017303124,0.017006105528696,0.130407459635928,0.59760205496854,14.1971556145413,,
2020-04-21,5.23,5.30,4.76,4.78,4.78,4142100,89.11,-0.022494887525562,-0.022751756983416,0.016973664171727,0.130283015668684,0.597031781068862,-2.06085589955646,,
2020-04-22,5.14,5.17,4.83,4.89,4.89,2677800,89.34,0.040425531914894,0.039629794770768,0.017019965280347,0.130460588992794,0.597845524268,3.5070224586327,,
2020-04-23,4.75,4.89,4.58,4.70,4.70,2265900,89.57,-0.014675052410901,-0.014783796184237,0.01706020386444,0.130614715344175,0.598551819939792,-1.35760957116051,,
2020-04-24,4.78,4.85,4.66,4.77,4.77,2236200,89.80,-0.180412371134021,-0.198953956843097,0.017107397738047,0.130795251206024,0.599379139192369,-17.9003375017274,,
2020-04-27,4.85,5.99,4.81,5.82,5.82,7275100,90.04,0.031914893617021,0.031416196233379,0.017055423630416,0.1305964150749,0.5984679575706,2.79527828394086,,
2020-04-28,5.92,6.04,5.06,5.64,5.64,5200200,90.27,-0.066225165562914,-0.068519946436756,0.017098270253364,0.13076035428739,0.599219221421209,-6.21886023214994,,
2020-04-29,5.83,6.09,5.45,6.04,6.04,3369600,90.51,0.054101221640489,0.052688481220075,0.017136289785514,0.130905652229055,0.599885060237207,4.73538055133864,,
2020-04-30,5.87,5.98,5.64,5.73,5.73,2173300,90.74,-0.052892561983471,-0.054342741316102,0.017173467550649,0.131047577431437,0.600535443220149,-4.96453349167575,,
2020-05-01,5.65,6.18,5.45,6.05,6.05,4005600,90.98,0.104014598540146,0.098953171082826,0.017216057925634,0.131209976471431,0.601279649113707,8.96955514703095,,
2020-05-04,5.84,5.93,5.40,5.48,5.48,4068100,91.22,0.01669758812616,0.016559716039019,0.017231369478608,0.131268311022149,0.601546971608004,1.47730463557135,,
2020-05-05,5.55,5.63,5.35,5.39,5.39,2105900,91.46,0.093306288032454,0.089206396866307,0.017278086726073,0.131446136215838,0.602361869018554,8.12555427609362,,
2020-05-06,5.40,5.40,4.90,4.93,4.93,3369600,91.70,0.012320328542094,0.0122450509601,0.017299180028524,0.131526347278876,0.6027294422865,1.08971051809035,,
2020-05-07,4.83,4.93,4.65,4.87,4.87,2500800,91.95,-0.022088353413655,-0.022335953942063,0.017346904114567,0.131707646378511,0.603560259134002,-2.08685826502001,,
2020-05-08,4.88,5.19,4.82,4.98,4.98,2352600,92.19,0.046218487394958,0.045182222793233,0.017395901503066,0.131893523355266,0.604412054449933,4.13242037976062,,
2020-05-11,4.92,4.96,4.75,4.76,4.76,1699200,92.44,0.048458149779736,0.047320656190072,0.017436841263175,0.132048632189716,0.605122852424758,4.34133349725314,,
2020-05-12,4.78,4.92,4.46,4.54,4.54,2639200,92.69,0.078384798099763,0.075464364358967,0.017477270704108,0.132201628976756,0.605823971782452,6.96186503398409,,
2020-05-13,4.54,4.54,4.07,4.21,4.21,2882900,92.94,0.019370460048426,0.019185240721349,0.017506225588151,0.132311093972314,0.606325603410546,1.75014824913555,,
2020-05-14,4.15,4.19,3.96,4.13,4.13,2004900,93.20,-0.02132701421801,-0.021557721074979,0.017554096680291,0.132491874016072,0.607154041645201,-2.04206087238189,,
2020-05-15,4.05,4.45,4.04,4.22,4.22,1940600,93.45,-0.078602620087336,-0.081863870078173,0.017604493971874,0.132681927826942,0.60802497761963,-7.68333315314683,,
2020-05-18,4.40,4.63,4.36,4.58,4.58,2364200,93.71,0.031531531531532,0.03104462168196,0.017640817506649,0.132818739290241,0.608651926506133,2.87634272707807,,
2020-05-19,4.58,4.75,4.37,4.44,4.44,1840700,93.97,0.002257336343115,0.002254792387089,0.017687058153428,0.132992699624556,0.609449112906054,0.179061691851095,,
2020-05-20,4.50,4.69,4.34,4.43,4.43,2543600,94.23,-0.002252252252252,-0.002254792387089,0.017738136427398,0.133184595308157,0.61032848940169,-0.245232573813476,,
2020-05-21,4.45,4.65,4.40,4.44,4.44,1971900,94.49,0.062200956937799,0.060343129907469,0.017789793422134,0.13337838438868,0.61121654253204,5.66900949465063,,
2020-05-22,4.46,4.49,4.13,4.18,4.18,2379900,94.75,-0.054298642533937,-0.055828449552942,0.017827110488971,0.133518202837558,0.611857271157576,-5.3224899187372,,
2020-05-26,4.34,4.61,4.33,4.42,4.42,3545700,95.02,-0.057569296375267,-0.059292886368581,0.017873596048484,0.133692168987133,0.612654484206365,-5.66640869706477,,
2020-05-27,4.57,4.71,4.36,4.69,4.69,3146600,95.28,0.083140877598152,0.07986504044379,0.017919362124798,0.133863221703343,0.613438346226225,7.57705971969447,,
2020-05-28,4.75,4.76,4.30,4.33,4.33,2183900,95.55,0.066502463054187,0.064384568400757,0.017948065286138,0.13397038958717,0.61392945116593,6.11923780786944,,
2020-05-29,4.33,4.42,4.05,4.06,4.06,3961700,95.82,-0.016949152542373,-0.0170944333593,0.017984446593725,0.134106102000336,0.614551363572011,-1.6704822423432,,
2020-06-01,4.12,4.36,4.02,4.13,4.13,2611600,96.09,-0.011961722488038,-0.012033839563724,0.018037865999099,0.134305122758213,0.615463391259848,-1.18880968100466,,
2020-06-02,4.27,4.31,4.06,4.18,4.18,2369400,96.36,-0.058558558558559,-0.060343129907469,0.018091707903298,0.134505419605672,0.616381266724791,-5.84719559879259,,
2020-06-03,4.24,4.52,4.20,4.44,4.44,3037400,96.64,-0.006711409395973,-0.006734032181344,0.018138599534186,0.13467961810974,0.617179544555629,-0.683153690535647,,
2020-06-04,4.44,4.72,4.37,4.47,4.47,3514300,96.91,0.079710144927536,0.076692620788255,0.018193015615518,0.134881487297248,0.618104625387863,7.39999814912678,,
2020-06-05,4.29,4.41,4.09,4.14,4.14,6274400,97.19,-0.173652694610778,-0.19074012725955,0.018224587878822,0.134998473616639,0.618640724051746,-18.5699278696344,,
2020-06-08,4.28,5.14,4.27,5.01,5.01,10133700,97.47,0.01008064516129,0.010030174359937,0.018182024158502,0.13484073627247,0.61791788073217,0.945245718725,,
2020-06-09,5.00,5.00,4.55,4.96,4.96,8073400,97.75,-0.021696252465483,-0.021935076866256,0.018235813645296,0.135040044598984,0.618831226225059,-2.17637695010174,,
2020-06-10,4.78,5.53,4.68,5.07,5.07,10606400,98.03,0.160183066361556,0.148577808495593,0.018290861844747,0.13524371277345,0.619764551051199,14.5322107375963,,
2020-06-11,4.64,4.90,4.18,4.37,4.37,6236000,98.31,-0.074152542372881,-0.077045790489965,0.018269007023829,0.135162890705359,0.619394177806349,-7.60647916194931,,
2020-06-12,4.60,4.78,4.39,4.72,4.72,4378200,98.59,0.006396588486141,0.006376217139276,0.018311585903647,0.135320308541057,0.620115556954172,0.596399349559331,,
2020-06-15,4.50,4.77,4.42,4.69,4.69,3909000,98.88,0.010775862068966,0.010718216220024,0.018366824906987,0.13552425947773,0.621050177559534,1.02760683927526,,
2020-06-16,4.95,4.95,4.51,4.64,4.64,3121300,99.17,-0.025210084033614,-0.025533302005165,0.018421872154653,0.135727197549543,0.621980156635006,-2.5642265526677,,
2020-06-17,4.54,4.83,4.53,4.76,4.76,3593500,99.46,-0.038383838383839,-0.03913990833727,0.018478088717031,0.1359341337451,0.622928457415171,-3.92485844195548,,
2020-06-18,4.67,4.95,4.65,4.95,4.95,3423800,99.75,0.014344262295082,0.014242356715543,0.018532854590748,0.13613542739033,0.62385090078135,1.38859817122443,,
2020-06-19,4.95,5.08,4.69,4.88,4.88,7366600,100.04,0.002053388090349,0.002051282770557,0.018588423123026,0.136339367473325,0.624785471648911,0.173202062890735,,
2020-06-22,4.79,4.95,4.72,4.87,4.87,3178900,100.34,0.008281573498965,0.008247469430017,0.01864579126276,0.136549592686175,0.625748844599786,0.795555927134485,,
2020-06-23,4.95,4.99,4.80,4.83,4.83,3205400,100.63,0.095238095238095,0.090971778205727,0.018702882116274,0.136758480966533,0.626706090956316,9.122797510866,,
2020-06-24,4.83,4.84,4.38,4.41,4.41,2976200,100.93,-0.011210762331839,-0.011274076573218,0.018728690373862,0.136852805502341,0.627138340281545,-1.16979327160039,,
2020-06-25,4.33,4.54,4.30,4.46,4.46,2450800,101.23,0.025287356321839,0.02497292093138,0.018787585449195,0.137067813323169,0.628123629895499,2.49623034982531,,
2020-06-26,4.48,4.50,4.27,4.35,4.35,3801200,101.54,-0.006849315068493,-0.006872879287762,0.018842639871843,0.13726849555467,0.629043271411985,-0.729638037709022,,
2020-06-29,4.35,4.52,4.30,4.38,4.38,2131200,101.84,0.009216589861751,0.009174376276041,0.01890219673805,0.137485260075579,0.630036611237029,0.902587851503592,,
2020-06-30,4.33,4.51,4.20,4.34,4.34,3889000,102.15,-0.022522522522523,-0.02278002833182,0.018960823774283,0.137698307085755,0.631012915287748,-2.35865053094252,,
2020-07-01,4.31,4.50,4.31,4.44,4.44,2303700,102.46,0.034965034965035,0.034367643504208,0.019020816880496,0.137915977611355,0.63201040694787,3.48961040928691,,
2020-07-02,4.49,4.51,4.29,4.29,4.29,1887600,102.77,0.011792452830189,0.011723463696059,0.019074792530401,0.138111522076912,0.632906504263013,1.17321565252852,,
2020-07-06,4.31,4.34,4.19,4.24,4.24,2140900,103.08,0.036674816625917,0.036018299189156,0.019134147568426,0.13832623600903,0.633890447109707,3.68133208503623,,
2020-07-07,4.20,4.25,4.06,4.09,4.09,2456600,103.40,-0.039906103286385,-0.040724190226569,0.019188267105602,0.138521720699686,0.63478627050184,-4.24234889940872,,
2020-07-08,4.10,4.29,4.03,4.26,4.26,2052800,103.72,0.01187648456057,0.011806512586989,0.019247503522829,0.138735372284175,0.635765345060111,1.19308192827204,,
2020-07-09,4.27,4.32,4.13,4.21,4.21,1992600,104.04,-0.029953917050691,-0.030411700418023,0.019307959972638,0.138953085509599,0.636763032395409,-3.19535513613238,,
2020-07-10,4.20,4.38,4.18,4.34,4.34,1410800,104.36,0.018779342723005,0.018605187831035,0.019369547841154,0.139174522960036,0.637777786273733,1.91026291087537,,
2020-07-13,4.35,4.55,4.26,4.26,4.26,4216200,104.68,0.044117647058824,0.043172171865209,0.019429585297286,0.139390047339419,0.638765443056366,4.48807549794766,,
2020-07-14,4.22,4.31,4.07,4.08,4.08,2261600,105.01,-0.026252983293556,-0.026603745517976,0.019483074569886,0.139581784520353,0.639644093201531,-2.82489733380689,,
2020-07-15,4.13,4.29,4.13,4.19,4.19,1474100,105.34,0.004796163069544,0.004784698123336,0.019546275978161,0.139807996831945,0.640680728242536,0.472792081661112,,
2020-07-16,4.19,4.20,4.09,4.17,4.17,1330100,105.67,0.053030303030303,0.051672010544321,0.019609620305729,0.140034354019753,0.64171802718976,5.42892213690043,,
2020-07-17,4.16,4.23,3.94,3.96,3.96,3065900,106.00,0.028571428571429,0.028170876966696,0.019660804356038,0.140216990254527,0.642554971560257,2.95501492252501,,
2020-07-20,3.95,4.06,3.77,3.85,3.85,3401100,106.34,-0.039900249376559,-0.040718093018785,0.019720418859626,0.140429408813203,0.643528395684404,-4.36090404641835,,
2020-07-21,3.90,4.09,3.88,4.01,4.01,3337900,106.67,-0.024330900243309,-0.024631787189666,0.019783300822101,0.140653122333281,0.644553579824142,-2.6586222782146,,
2020-07-22,4.02,4.12,3.92,4.11,4.11,2523500,107.01,0,0,0.019848753914876,0.140885605776021,0.645618952798322,-0.030978024906663,,
2020-07-23,4.09,4.31,4.06,4.11,4.11,3237200,107.36,0.01985111662531,0.019656652549552,0.019914615743866,0.141119154418759,0.646689207132124,2.07934680679856,,
2020-07-24,4.06,4.23,4.01,4.03,4.03,2215900,107.70,0.00498753117207,0.004975134640114,0.019977958820456,0.141343407417737,0.647716863474762,0.504948622709983,,
2020-07-27,4.02,4.12,3.95,4.01,4.01,2472700,108.05,0.017766497461929,0.017610518008635,0.020044178662802,0.141577465236535,0.648789451146401,1.87194742027702,,
2020-07-28,3.96,4.05,3.92,3.94,3.94,4555400,108.40,-0.029556650246305,-0.030002250303799,0.020108785306001,0.141805448788123,0.649834203028757,-3.28292234523721,,
2020-07-29,3.94,4.18,3.92,4.06,4.06,2879600,108.75,-0.009756097560976,-0.009804000096621,0.020175942086862,0.142042043377522,0.650918415643695,-1.09689531135263,,
2020-07-30,4.00,4.23,3.97,4.10,4.10,2398500,109.10,0.022443890274314,0.022195732391784,0.020244538641822,0.142283304156958,0.652024011427685,2.39092717523603,,
2020-07-31,4.06,4.16,3.99,4.01,4.01,1879400,109.46,-0.033734939759036,-0.034317092924129,0.020309454389598,0.142511243028744,0.653068558561468,-3.78690617235246,,
2020-08-03,4.03,4.25,4.00,4.15,4.15,2517600,109.82,-0.063205417607223,-0.065291249814437,0.020377424113294,0.142749515282167,0.654160459198784,-7.2006431682197,,
2020-08-04,4.13,4.74,4.13,4.43,4.43,10361400,110.18,-0.043196544276458,-0.044157284041099,0.020437941242749,0.142961327787442,0.655131106037348,-4.89566023881262,,
2020-08-05,4.50,4.76,4.25,4.63,4.63,4919300,110.54,0.045146726862303,0.044157284041099,0.020504970995649,0.143195569050332,0.656204534355423,4.85064518672854,,
2020-08-06,4.60,4.66,4.38,4.43,4.43,1901200,110.90,0.064903846153846,0.062884509783872,0.020564780218791,0.143404254535181,0.657160851386183,6.94367427575784,,
2020-08-07,4.39,4.40,4.06,4.16,4.16,3341100,111.27,-0.039260969976905,-0.040052467741227,0.020616287337386,0.143583729361602,0.657983308363594,-4.48705746732701,,
2020-08-10,4.20,4.57,4.18,4.33,4.33,4561800,111.64,-0.004597701149425,-0.004608303086194,0.020685552426994,0.143824728148515,0.659087703547017,-0.544821512114154,,
2020-08-11,4.43,4.57,4.34,4.35,4.35,3138800,112.01,-0.037610619469027,-0.038336148743547,0.020757640982803,0.144075122706189,0.660235155561161,-4.32447067592074,,
2020-08-12,4.40,4.63,4.36,4.52,4.52,3057600,112.39,-0.025862068965517,-0.026202372394024,0.020828193579401,0.144319761569234,0.661356231668994,-2.97509812915517,,
2020-08-13,4.52,4.71,4.50,4.64,4.64,2128300,112.77,-0.023157894736842,-0.023430251808386,0.020900896981766,0.144571425191031,0.662509499265543,-2.67232680419851,,
2020-08-14,4.60,4.83,4.55,4.75,4.75,3474400,113.15,0.025917926565875,0.025587749948407,0.020974346990992,0.144825229124597,0.663672575002788,2.86500364095528,,
2020-08-17,4.78,4.78,4.56,4.63,4.63,2371000,113.53,-0.037422037422037,-0.038140216019527,0.021043504906807,0.145063795989236,0.664765825718307,-4.36003706493052,,
2020-08-18,4.61,4.87,4.43,4.81,4.81,3834400,113.91,0.01906779661017,0.018888284520206,0.021116107568172,0.145313824422082,0.665911599937712,2.12156784680794,,
2020-08-19,4.80,4.84,4.64,4.72,4.72,2612600,114.30,0.023861171366594,0.023580942588907,0.021187933561314,0.145560755567268,0.667043180601969,2.66529190986517,,
2020-08-20,4.62,4.68,4.51,4.61,4.61,2441200,114.69,-0.083499005964215,-0.087192127103091,0.021259097461534,0.145804998067742,0.668162440348318,-10.0298954903911,,
2020-08-21,4.60,5.60,4.60,5.03,5.03,10642600,115.08,0.032854209445585,0.03232604701715,0.021315696354937,0.145998960115943,0.669051286116145,3.69025190946487,,
2020-08-24,5.10,5.13,4.56,4.87,4.87,4585400,115.48,-0.022088353413655,-0.022335953942063,0.021385292831794,0.146237111677556,0.670142633674112,-2.60912029389759,,
2020-08-25,4.88,5.25,4.88,4.98,4.98,2998700,115.87,-0.025440313111546,-0.025769513179052,0.021462451562713,0.146500687925733,0.671350491782775,-3.01581449534285,,
2020-08-26,4.97,5.22,4.92,5.11,5.11,2779700,116.27,-0.026666666666667,-0.027028672387919,0.021539888563443,0.146764738828654,0.672560525032732,-3.17248573338052,,
2020-08-27,5.11,5.38,5.02,5.25,5.25,3384400,116.68,-0.025974025974026,-0.026317308317373,0.021617761030709,0.147029796404366,0.673775171436952,-3.10031836922716,,
2020-08-28,5.30,5.57,5.22,5.39,5.39,4236900,117.08,-0.19311377245509,-0.214572602627649,0.021696271336086,0.147296542172875,0.674997554112454,-25.1523440112162,,
2020-08-31,5.77,7.15,5.69,6.68,6.68,37976000,117.49,-0.126797385620915,-0.13558766028989,0.021625679663364,0.147056722605136,0.673898562790161,-15.9599019369397,,
2020-09-01,7.30,7.82,6.77,7.65,7.65,23158600,117.90,-0.007782101167315,-0.007812539736794,0.021648885063032,0.147135600936795,0.674260028715678,-0.950730246375256,,
2020-09-02,7.80,8.05,7.11,7.71,7.71,13011100,118.30,-0.014066496163683,-0.014166366981982,0.02172901509123,0.147407649364712,0.6755067112293,-1.70550892795762,,
2020-09-03,7.88,8.45,7.24,7.82,7.82,14344500,118.71,0.022222222222222,0.021978906718775,0.021809766188494,0.147681299386529,0.676760733168204,2.57955292818456,,
2020-09-04,7.78,7.92,7.17,7.65,7.65,7662000,119.12,-0.006493506493506,-0.006514681021194,0.02188694276405,0.14794236297981,0.677957076845612,-0.805530642757711,,
2020-09-08,7.55,8.28,7.48,7.70,7.70,9816600,119.53,0.047619047619048,0.046520015634893,0.021968817350283,0.148218815776819,0.679223942713988,5.53130653459847,,
2020-09-09,7.96,7.99,7.31,7.35,7.35,9068100,119.95,0.179775280898876,0.165323980425383,0.022038631746689,0.148454140214038,0.680302334760419,19.801527344513,,
2020-09-10,6.65,6.95,6.19,6.23,6.23,15558300,120.37,0.022988505747127,0.022728251077556,0.022002851576837,0.148333582093999,0.679749868049697,2.70645956231269,,
2020-09-11,6.26,6.33,5.87,6.09,6.09,6061200,120.80,-0.118668596237337,-0.126321556057773,0.022081463908606,0.148598330773283,0.680963098912655,-15.2893607932416,,
2020-09-14,6.80,7.00,6.43,6.91,6.91,10119000,121.24,-0.025387870239774,-0.025715702764458,0.022116135681333,0.148714947740073,0.681497504990285,-3.14700636877737,,
2020-09-15,6.86,7.26,6.69,7.09,7.09,5743500,121.67,-0.183179723502304,-0.202336188128223,0.022199853895531,0.14899615396221,0.68278615378912,-24.6472674805352,,
2020-09-16,7.03,9.04,7.03,8.68,8.68,19256300,122.10,-0.056521739130435,-0.058181955382736,0.022145870620649,0.148814887093494,0.681955484642242,-7.13359636704484,,
2020-09-17,8.57,9.77,8.41,9.20,9.20,17026700,122.54,-0.028511087645196,-0.028925423142992,0.022222624356498,0.149072547293248,0.683136232011194,-3.57371859543806,,
2020-09-18,9.20,9.77,8.91,9.47,9.47,17407500,122.97,0.082285714285714,0.079075206828464,0.022307221397395,0.149356022300391,0.684435277689052,9.69477516026181,,
2020-09-21,9.35,9.60,8.38,8.75,8.75,7639800,123.41,-0.171401515151515,-0.188019577908592,0.022361954055351,0.149539138874578,0.685274423251269,-23.2323126634127,,
2020-09-22,10.45,11.17,9.90,10.56,10.56,34752500,123.85,0.051792828685259,0.050496164014533,0.022327359755845,0.149423424388029,0.684744152857655,6.22477896004333,,
2020-09-23,10.60,10.86,9.92,10.04,10.04,10651200,124.29,0.098468271334792,0.093916728797524,0.02239979751358,0.149665619009776,0.68585402804472,11.643734924066,,
2020-09-24,9.71,9.81,9.01,9.14,9.14,7938800,124.73,-0.087824351297405,-0.09192271019066,0.022444195485355,0.14981386946927,0.686533396997162,-11.4950556701957,,
2020-09-25,9.19,10.18,9.10,10.02,10.02,7515200,125.19,-0.006937561942517,-0.006961738708799,0.022507021605633,0.150023403526361,0.687493602674452,-0.900602965675018,,
2020-09-28,10.16,10.26,9.55,10.09,10.09,6764300,125.64,-0.02512077294686,-0.025441685345861,0.022595909975309,0.150319359948441,0.688849845381045,-3.22546538853879,,
2020-09-29,10.00,10.65,9.93,10.35,10.35,5237600,126.09,0.014705882352941,0.014598799421153,0.0226847732017,0.150614651351388,0.690203040587116,1.81182184607689,,
2020-09-30,10.25,10.76,10.06,10.20,10.20,6079000,126.55,0.044012282497441,0.043071254235534,0.022772491099389,0.150905570140367,0.691536197958699,5.42174439676136,,
2020-10-01,10.09,10.25,9.69,9.77,9.77,4554100,127.01,0.040468583599574,0.03967117283452,0.022851713385332,0.151167831847029,0.692738032081367,5.0098308318528,,
2020-10-02,9.38,9.78,9.30,9.39,9.39,4340500,127.48,-0.007399577167019,-0.007427089843615,0.022932926535256,0.15143621276054,0.693967907932613,-0.975616015762558,,
2020-10-05,9.44,9.59,9.25,9.46,9.46,2805000,127.95,0.036144578313253,0.03550668845691,0.023025323706391,0.15174097570001,0.695364507171751,4.51435865665238,,
2020-10-06,9.56,9.84,9.10,9.13,9.13,4535400,128.43,-0.02457264957265,-0.024879595882624,0.02310947416936,0.152018006069545,0.696634019809944,-3.22392103630759,,
2020-10-07,9.23,9.56,9.17,9.36,9.36,3308600,128.91,-0.306152705707932,-0.365503379730164,0.023202729519145,0.152324421939311,0.698038193727286,-47.1449701898895,,
2020-10-08,9.54,13.64,9.19,13.49,13.49,76453600,129.39,0.122296173044925,0.115376741112603,0.02278491445371,0.150946727204369,0.69172480331987,14.8999168390258,,
2020-10-09,12.83,14.80,11.90,12.02,12.02,77152800,129.86,0.01864406779661,0.018472397635442,0.022813165456094,0.151040277595395,0.692153505068042,2.36998880086885,,
2020-10-12,11.66,12.77,11.40,11.80,11.80,23655700,130.34,-0.006734006734007,-0.00675678246288,0.022903471576019,0.151338929479559,0.693522099933661,-0.909545457813154,,
2020-10-13,11.73,12.42,11.65,11.88,11.88,10179700,130.83,-0.030204081632653,-0.030669623056237,0.022998037079646,0.151651037186184,0.694952357124252,-4.04128573103706,,
2020-10-14,12.67,12.68,12.05,12.25,12.25,10761400,131.32,-0.114244396240058,-0.121314208685931,0.023091865817408,0.151960079683476,0.696368567761049,-15.9596423811577,,
2020-10-15,11.99,15.10,11.99,13.83,13.83,39894800,131.81,0.039068369646882,0.038324513269647,0.023137166207065,0.152109060239898,0.697051282437931,5.02292039001448,,
2020-10-16,13.77,13.90,13.08,13.31,13.31,11651600,132.30,-0.0431344356578,-0.044092373528331,0.023223941428537,0.152394033441396,0.698357193704829,-5.86210721918955,,
2020-10-19,13.44,14.50,13.38,13.91,13.91,13169100,132.80,0.003607503607504,0.003601012173594,0.023316829175322,0.152698491070874,0.69975239383782,0.449621624413617,,
2020-10-20,14.03,14.14,13.67,13.86,13.86,6604000,133.29,-0.017021276595745,-0.017167803622366,0.023414357187145,0.153017506146012,0.70121430456747,-2.31689247988562,,
2020-10-21,13.90,14.42,13.80,14.10,14.10,5361900,133.80,-0.054325955734407,-0.055857331392525,0.023513390673562,0.153340766508982,0.702695669649959,-7.50195683586377,,
2020-10-22,14.20,15.87,14.19,14.91,14.91,16212200,134.30,-0.006,-0.006018072325563,0.023604709702666,0.153638242969211,0.704058878046425,-0.836640937496009,,
2020-10-23,15.05,15.38,14.55,15.00,15.00,6507300,134.81,0.115241635687732,0.109071095054362,0.023705500356276,0.153965906473724,0.705560420858333,14.6752091516496,,
2020-10-26,14.93,15.45,13.26,13.45,13.45,13376300,135.32,0.059889676910954,0.058164824321552,0.023745652342386,0.154096243764688,0.706157701360047,7.84236105035104,,
2020-10-27,13.71,13.71,12.36,12.69,12.69,7231000,135.84,0.073604060913706,0.071021269748344,0.023827310184962,0.154360973646068,0.707370846080188,9.61909166355253,,
2020-10-28,12.27,13.05,11.78,11.82,11.82,6388600,136.37,0.0076726342711,0.007643349312568,0.023901014688902,0.154599530041013,0.708464048817542,1.01406459240401,,
2020-10-29,11.88,12.25,11.68,11.73,11.73,4165800,136.90,0.120343839541547,0.113635637782939,0.024003310452154,0.154930017918265,0.709978534531315,15.5288966928521,,
2020-10-30,11.64,11.64,10.36,10.47,10.47,11546900,137.44,-0.026046511627907,-0.026391729691226,0.024039219335847,0.155045862040387,0.710509398989753,-3.65555838777323,,
2020-11-02,10.82,11.09,10.50,10.75,10.75,5227000,138.00,-0.070872947277442,-0.073509786631913,0.024143774322929,0.155382670600452,0.712052849710961,-10.1722178167824,,
2020-11-03,10.75,11.86,10.63,11.57,11.57,7454500,138.55,0.060494958753437,0.058735741360606,0.02423350001622,0.155671127754056,0.713374726452102,8.10995765734744,,
2020-11-04,11.76,11.77,10.61,10.91,10.91,5807900,139.11,-0.047161572052402,-0.048309930155269,0.024318537491179,0.155944020376475,0.714625277550933,-6.74836200179529,,
2020-11-05,11.27,11.84,11.06,11.45,11.45,4705200,139.67,-0.034569983136594,-0.035181663569331,0.024420810913456,0.156271593430973,0.716126405868799,-4.94190441079646,,
2020-11-06,11.52,12.17,11.32,11.86,11.86,5518200,140.24,0.032201914708442,0.031694301708915,0.024527438719528,0.156612383672326,0.717688102945899,4.41699630151862,,
2020-11-09,12.76,12.93,11.25,11.49,11.49,6244900,140.81,0.035135135135135,0.034531983542376,0.024628837589075,0.156935775363919,0.719170069851745,4.83471857053623,,
2020-11-10,11.50,11.66,10.83,11.10,11.10,3826000,141.39,-0.05531914893617,-0.05690813227188,0.024729909746699,0.157257463246418,0.720644228923447,-8.07397343367394,,
2020-11-11,11.50,11.95,11.21,11.75,11.75,4882600,141.97,0.05570530098832,0.054209075302714,0.024832797243526,0.157584254427676,0.722141774248003,7.66857850738439,,
2020-11-12,11.74,11.87,10.97,11.13,11.13,4353300,142.56,0.010899182561308,0.010840214552865,0.024925549751739,0.157878275110095,0.723489146281074,1.5177425412852,,
2020-11-13,11.36,11.55,11.00,11.01,11.01,3535900,143.16,-0.087064676616916,-0.091090240564451,0.025036870754779,0.158230435614577,0.725102948449637,-13.0676242108104,,
2020-11-16,11.16,12.66,10.72,12.06,12.06,9774800,143.76,0.036973344797936,0.036306224768466,0.025123318600496,0.158503370943637,0.726353695254883,5.19169789599339,,
2020-11-17,11.65,11.92,11.23,11.63,11.63,6678200,144.36,0.005185825410545,0.005172425324988,0.025228190036911,0.158833844116771,0.727868113585917,0.719199406458883,,
2020-11-18,11.80,12.04,11.56,11.57,11.57,3169200,144.97,-0.071428571428572,-0.074107972153722,0.025343543021946,0.159196554679885,0.72953026219675,-10.7705552591134,,
2020-11-19,11.60,12.79,11.45,12.46,12.46,11787600,145.58,-0.019669551534225,-0.019865571842056,0.025443701932568,0.15951082073818,0.730970410197243,-2.91940639691982,,
2020-11-20,12.55,13.46,12.54,12.71,12.71,8395400,146.20,-0.085611510791367,-0.089499754935283,0.025562325112252,0.159882222627319,0.732672387467472,-13.1119004453339,,
2020-11-23,12.90,14.12,12.67,13.90,13.90,9599100,146.82,0.016825164594002,0.016685189400788,0.025654159164363,0.160169157968576,0.73398729038834,2.42243693029343,,
2020-11-24,14.23,14.26,13.30,13.67,13.67,7183200,147.44,-0.073220338983051,-0.076039432049971,0.025771310887309,0.160534453894821,0.735661286621416,-11.2383692078751,,
2020-11-25,13.60,15.25,13.42,14.75,14.75,8860100,148.07,-0.08271144278607,-0.086333180964991,0.025873911173236,0.160853694931872,0.73712423283864,-12.8102352604903,,
2020-11-27,15.29,16.74,14.88,16.08,16.08,12504200,148.70,-0.028985448610233,-0.029413824819818,0.025970456158777,0.161153517363962,0.738498191828736,-4.40079841446575,,
2020-11-30,18.17,19.42,16.56,16.56,16.56,31983500,149.32,0.048101202531646,0.046980148537717,0.026093143943624,0.161533723858593,0.740240516870095,6.98826682138089,,
2020-12-01,17.11,17.40,15.76,15.80,15.80,12653900,149.96,-0.047044632086852,-0.048187209674228,0.026202217485332,0.161870990252522,0.741786065649639,-7.25295528205481,,
2020-12-02,15.70,16.68,15.38,16.58,16.58,7883400,150.60,0.028535916343926,0.028136350593929,0.026322271548791,0.162241398997886,0.743483491763346,4.2103936119611,,
2020-12-03,16.48,16.64,15.87,16.12,16.12,6295000,151.24,-0.046153786982249,-0.047252822815808,0.026442447037777,0.16261133735929,0.745178762306947,-7.17349241823849,,
2020-12-04,16.30,17.29,16.26,16.90,16.90,8972700,151.90,0.033639143730887,0.033085724585765,0.026565180569665,0.162988283534936,0.746906146689769,4.99880058168753,,
2020-12-07,17.00,17.50,16.22,16.35,16.35,7386300,152.55,-0.034828864531944,-0.035449850912521,0.026685671375183,0.163357495619832,0.748598089016296,-5.43462577340627,,
2020-12-08,16.37,17.21,15.93,16.94,16.94,16120200,153.22,0.240117203513909,0.21520589411314,0.026814306617484,0.163750745395202,0.750400185878953,32.9461973161428,,
2020-12-09,13.92,14.73,13.23,13.66,13.66,24357900,153.88,-0.03257790368272,-0.033120377922452,0.026691454633195,0.163375195893363,0.748679201859576,-5.12338948457192,,
2020-12-10,13.12,14.41,13.05,14.12,14.12,7558900,154.57,0.060856498873028,0.059076599658076,0.026822137755517,0.163774655412604,0.750509755343566,9.10506589864253,,
2020-12-11,13.91,14.00,13.02,13.31,13.31,7496900,155.27,0.046383647798742,0.045340074495044,0.026930523197127,0.164105219896037,0.752024592110961,7.01333379320867,,
2020-12-14,13.34,13.43,12.14,12.72,12.72,10007100,155.98,-0.08158844765343,-0.085109674721371,0.02704876327555,0.164465082237994,0.753673688532743,-13.3015795794231,,
2020-12-15,12.78,14.02,12.48,13.85,13.85,8189800,156.69,0,0,0.027159068421412,0.164800086229988,0.755208869684171,-0.026482739812582,,
2020-12-16,13.96,14.31,13.58,13.85,13.85,5865100,157.41,-0.06608226567768,-0.068366923516493,0.027296101090827,0.165215317361396,0.757111697774747,-10.7880398570491,,
2020-12-17,13.96,14.98,13.59,14.83,14.83,8194900,158.13,-0.051183621241203,-0.052539988283545,0.02741954722429,0.165588487595877,0.758821778621363,-8.3347597264891,,
2020-12-18,15.78,16.30,15.18,15.63,15.63,16618800,158.86,0.006439150032196,0.00641850727279,0.027551914213161,0.165987692956921,0.760651167406177,0.993365464254276,,
2020-12-21,15.81,16.35,15.28,15.53,15.53,9876100,159.59,-0.201952682525832,-0.225587388209801,0.027692111626229,0.166409469761274,0.762583991538504,-36.0284084335633,,
2020-12-22,16.22,20.04,16.15,19.46,19.46,30652700,160.33,-0.053962129314536,-0.05547267829447,0.027598970116353,0.16612937764391,0.761300448209123,-8.92030774826306,,
2020-12-23,20.17,22.35,19.13,20.57,20.57,25830300,161.06,0.020843672456576,0.020629415272174,0.027732515923927,0.166530825746848,0.763140114528433,3.29632464115734,,
2020-12-24,21.01,21.48,19.95,20.15,20.15,6262200,161.79,-0.040019056693664,-0.04084184543985,0.027872411607315,0.166950326766121,0.765062509703361,-6.63377664417969,,
2020-12-28,21.31,21.97,20.35,20.99,20.99,8965900,162.52,0.08307539128356,0.07980457896951,0.028014482503575,0.167375274469004,0.767009864718222,12.9440516725209,,
2020-12-29,20.82,21.07,18.56,19.38,19.38,9241400,163.26,0.006230477673936,0.006211148493052,0.028118737361328,0.167686425691909,0.76843573874976,0.988033818750009,,
2020-12-30,19.38,20.00,18.85,19.26,19.26,5934400,164.02,0.022292993630573,0.022048137221763,0.028266609529475,0.168126766249382,0.770453632685941,3.59041850553527,,
2020-12-31,19.25,19.80,18.80,18.84,18.84,6922700,164.79,0.092173913043478,0.088170125670848,0.028411648476556,0.168557552416247,0.772427742903936,14.5034713344521,,
2021-01-04,19.00,19.10,17.15,17.25,17.25,10022500,165.56,-0.006908520039809,-0.006932494346167,0.028510305370299,0.168849949275383,0.773767673643895,-1.17362007686726,,
2021-01-05,17.35,18.08,17.23,17.37,17.37,4961500,166.36,-0.053921565690547,-0.055429801835038,0.028664252401062,0.169305204884735,0.775853916934306,-9.24692869904849,,
2021-01-06,17.34,18.98,17.33,18.36,18.36,6056200,167.16,0.015486780973452,0.015368084694544,0.028809935121332,0.169734896592692,0.777823011711515,2.54318980445517,,
2021-01-07,18.47,19.45,18.02,18.08,18.08,6129300,167.96,0.022046296096874,0.021806790263226,0.028963190407669,0.170185752657705,0.779889093756963,3.63708039591969,,
2021-01-08,18.18,18.30,17.08,17.69,17.69,6482000,168.78,-0.112838509887738,-0.119728249983338,0.029115882885927,0.170633768304889,0.781942159372711,-20.2329729844138,,
2021-01-11,19.41,20.65,19.01,19.94,19.94,14908000,169.60,-0.000501253107707,-0.000501378777042,0.029212916144577,0.170917863737459,0.783244048197056,-0.110570063143804,,
2021-01-12,19.96,20.40,19.32,19.95,19.95,7060700,170.43,-0.364649649681529,-0.453578699453023,0.029374478040535,0.171389842291003,0.785406925645066,-77.3266641052084,,
2021-01-13,20.42,38.65,20.03,31.40,31.40,144501700,171.26,-0.213229766975695,-0.239819026146435,0.028443251379061,0.168651271501464,0.772857217706009,-41.0964363858285,,
2021-01-14,38.09,43.06,33.05,39.91,39.91,93717400,172.03,0.124225352112676,0.117094222579272,0.028303518097245,0.168236494546353,0.770956470912689,20.1181806063396,,
2021-01-15,38.49,40.75,34.01,35.50,35.50,46866400,172.77,-0.098069128605967,-0.103217401109186,0.028374130055208,0.168446223036339,0.771917567593436,-17.8589413256884,,
2021-01-19,41.55,45.52,36.64,39.36,39.36,74721900,173.54,0.006135020606723,0.006116277986312,0.02848460012104,0.168773813493206,0.773418775658976,1.03557650539017,,
2021-01-20,37.37,41.19,36.06,39.12,39.12,33471800,174.30,-0.090866839202111,-0.095263704006664,0.028646150820248,0.169251738012489,0.775608900945064,-16.6303305096618,,
2021-01-21,39.23,44.75,37.00,43.03,43.03,56216900,175.07,-0.33810186623283,-0.412643611369967,0.028767300168072,0.169609257318319,0.77724726022644,-72.2668033161239,,
2021-01-22,42.59,76.76,42.32,65.01,65.01,197157900,175.82,-0.153405376306741,-0.166533301384106,0.02798184202922,0.167277739192098,0.766562901928872,-29.3065464703548,,
2021-01-25,96.73,159.18,61.13,76.79,76.79,177874000,176.46,-0.481078503340411,-0.656002666101744,0.02799327844956,0.167311919627861,0.766719536363042,-115.784503966158,,
2021-01-26,88.56,150.00,80.20,147.98,147.98,178588000,177.04,-0.574170551231028,-0.85371636787864,0.025662474562853,0.160195114041762,0.734106236058456,-151.166130008709,,
2021-01-27,354.83,380.00,249.00,347.51,347.51,93396700,177.21,0.794989665444535,0.584999264511153,0.021511115910734,0.146666683029017,0.672111176908564,103.635241622852,,
2021-01-28,265.00,483.00,112.25,193.60,193.60,58815800,176.21,-0.404307673846154,-0.518030976495526,0.019629226628927,0.140104341934599,0.642038752107278,-91.3130860454104,,
2021-01-29,379.71,413.98,250.00,325.00,325.00,50566100,176.11,0.444444444444444,0.367724780125317,0.018135667694805,0.134668733174427,0.617129663515621,64.7265428960524,,
2021-02-01,316.56,322.00,212.00,225.00,225.00,37382200,175.23,1.5,0.916290731874155,0.017445811976405,0.13208259528191,0.605278490865569,160.525003593398,,
2021-02-02,140.76,158.00,74.22,90.00,90.00,78183100,174.93,-0.026079470789764,-0.026425570855042,0.012479280669203,0.111710700781989,0.511922742270026,-4.66168877735586,,
2021-02-03,112.01,113.40,85.25,92.41,92.41,42698500,175.44,0.727289794392523,0.546553587283346,0.012551845836424,0.112035020580282,0.513408962295078,95.8475222237652,,
2021-02-04,91.19,91.50,53.33,53.50,53.50,62427300,175.94,-0.161047514505253,-0.17560120642522,0.010769879265828,0.103778028820303,0.475570672542346,-30.9370770527063,,
2021-02-05,54.04,95.00,51.09,63.77,63.77,81345000,176.68,0.062833333333333,0.06093829810508,0.010660907203433,0.103251669252526,0.473158589980243,10.7243462938396,,
2021-02-08,72.41,72.66,58.02,60.00,60.00,25687300,177.37,0.19260582006349,0.17614067784211,0.010698743643014,0.103434731318902,0.473997485756288,31.19971654457,,
2021-02-09,56.61,57.00,46.52,50.31,50.31,26843100,178.09,-0.017382812160492,-0.017535667196721,0.010556535503507,0.102745002328615,0.470836750449291,-3.16538947122887,,
2021-02-10,50.77,62.83,46.55,51.20,51.20,36455000,178.88,0.001957005947437,0.001955093505997,0.010621906890523,0.103062635763515,0.472292329707969,0.307376368077113,,
2021-02-11,50.01,55.32,48.22,51.10,51.10,13056700,179.67,-0.024809235694304,-0.02512217142422,0.010688127412709,0.103383400082938,0.473762256481968,-4.5559392027004,,
2021-02-12,50.75,55.24,48.05,52.40,52.40,14573300,180.47,0.058372129201056,0.056732000517484,0.010753842951955,0.103700737470643,0.475216479081963,10.1965933238548,,
2021-02-16,52.66,53.50,49.04,49.51,49.51,8175000,181.28,0.077710036519592,0.074838453484022,0.010795810540901,0.10390288995452,0.476142858141257,13.52471061854,,
2021-02-17,49.77,51.19,44.56,45.94,45.94,9186800,182.11,0.129024333473196,0.121353838055894,0.010820737001204,0.104022771551251,0.476692224632706,22.0582754899031,,
2021-02-18,48.49,48.87,40.65,40.69,40.69,23990600,182.98,0.002463636363636,0.002460606586729,0.010781003134134,0.103831609513356,0.475816210124051,0.408212047355698,,
2021-02-19,41.28,43.89,38.50,40.59,40.59,14828200,183.89,-0.117608695652174,-0.125119665638289,0.010850095164322,0.10416379008236,0.477338452725903,-23.0505873670177,,
2021-02-22,46.69,48.51,42.40,46.00,46.00,19476000,184.82,0.022904135581407,0.022645773469432,0.010832987560902,0.104081638923018,0.476961988819793,4.14341449008916,,
2021-02-23,44.97,46.23,40.00,44.97,44.97,7565200,185.72,-0.509649967393414,-0.712635790647254,0.010897753395581,0.104392305250822,0.478385640782826,-132.392109574694,,
2021-02-24,44.70,91.71,44.70,91.71,91.71,83111700,186.64,-0.156534567556298,-0.170236358934022,0.007668570606722,0.087570375166045,0.40129787283408,-31.8226409919092,,
2021-02-25,169.56,184.68,101.00,108.73,108.73,150308800,187.26,0.0687045914823,0.066447252864272,0.007534843108424,0.086803474057347,0.397783490452927,12.3928918591696,,
2021-02-26,117.46,142.90,86.00,101.74,101.74,92194200,187.78,-0.154983419352435,-0.168399029749349,0.007552668849882,0.086906092133301,0.398253745553657,-31.67285811356,,
2021-03-01,104.54,133.99,99.97,120.40,120.40,49794000,188.36,0.018784921306482,0.018610663568488,0.007419039388992,0.086133845780807,0.394714868188199,3.45479042967364,,
2021-03-02,116.93,133.20,112.20,118.18,118.18,33783000,188.81,-0.048316959252698,-0.049523240019218,0.007466448802473,0.086408615325513,0.395974020425486,-9.40117409609805,,
2021-03-03,122.51,127.75,113.12,124.18,124.18,19273900,189.29,-0.061730303208298,-0.063717848070703,0.007502451216389,0.086616691326725,0.39692754445134,-12.111598738885,,
2021-03-04,125.00,147.87,115.30,132.35,132.35,32606900,189.73,-0.039131688720354,-0.039917912409377,0.007528043521411,0.086764298656826,0.397603966214658,-7.6240815979702,,
2021-03-05,128.17,151.53,127.50,137.74,137.74,30733700,190.13,-0.291825167095116,-0.345064276641674,0.007570231955517,0.087007079916045,0.398716529712349,-65.6561681578392,,
2021-03-08,154.89,210.87,146.10,194.50,194.50,63565600,190.49,-0.212231653598177,-0.238551208991296,0.006792829710286,0.082418624777936,0.377689586719054,-45.4941454752598,,
2021-03-09,217.71,249.85,208.51,246.90,246.90,39099300,190.46,-0.068301909433962,-0.070746453936425,0.006434689987994,0.080216519420842,0.367598272231902,-13.528801366403,,
2021-03-10,269.43,348.50,172.00,265.00,265.00,71570600,190.07,0.019230769230769,0.019048194970694,0.006442125043875,0.080262849711898,0.367810584297635,3.5660320086218,,
2021-03-11,241.64,281.50,232.60,260.00,260.00,28312500,189.54,-0.017013232514178,-0.017159620282826,0.006486265166745,0.080537352618177,0.369068514644145,-3.30658985636166,,
2021-03-12,275.00,295.50,262.27,264.50,264.50,25845900,189.04,0.201508136647171,0.183577548245672,0.006530045636816,0.080808697779483,0.370311974385289,34.6491656281499,,
2021-03-15,277.52,283.00,206.00,220.14,220.14,24100400,188.50,0.057501086203594,0.055908659080647,0.006339191907697,0.079619042368626,0.364860288414126,10.483922780154,,
2021-03-16,203.16,220.70,172.35,208.17,208.17,35422900,188.27,-0.007816596042292,-0.007847305764141,0.006363803933024,0.079773453811556,0.365567890539517,-1.53213407293267,,
2021-03-17,217.84,231.47,204.00,209.81,209.81,16481600,188.13,0.039950423791822,0.039173042586117,0.006409985204741,0.080062383206729,0.366891931363397,7.31501032891137,,
2021-03-18,214.00,218.88,195.65,201.75,201.75,11764900,187.97,0.007390003347681,0.00736283105969,0.006446766125205,0.080291756271767,0.367943050796317,1.32962866397764,,
2021-03-19,195.73,227.00,182.66,200.27,200.27,24677300,187.87,0.029718745701097,0.029285702527092,0.006494574450702,0.080588922630238,0.369304838128003,5.44768451719435,,
2021-03-22,205.26,210.36,186.20,194.49,194.49,10061500,187.78,0.070096313617607,0.067748657149648,0.00653733640201,0.080853796460089,0.370518642502911,12.6675884038212,,
2021-03-23,197.50,201.75,177.55,181.75,181.75,14429100,187.73,0.510304188476124,0.412311079860579,0.00655261819186,0.080948243908437,0.370951455084161,77.3475203082736,,
2021-03-24,157.98,166.97,118.62,120.34,120.34,24177900,187.77,-0.345088457142857,-0.423255101539897,0.005296770204463,0.072778913185506,0.333514878669202,-79.534895773109,,
2021-03-25,123.49,187.50,116.90,183.75,183.75,50962300,188.28,0.015193370165746,0.01507910682712,0.003967641247593,0.062989215327653,0.288652847204841,2.76983083378368,,
2021-03-26,197.68,218.93,163.26,181.00,181.00,37430700,188.32,-0.001654732460209,-0.001656103042139,0.003996703916656,0.063219490006297,0.289708098350359,-0.380906008007217,,
2021-03-29,180.75,193.92,173.51,181.30,181.30,10042200,188.37,-0.067674604166809,-0.070073388070666,0.004027899899993,0.063465738000851,0.290836548425135,-13.2686637122799,,
2021-03-30,187.50,204.30,182.00,194.46,194.46,17094900,188.43,0.024444209403069,0.024150230799244,0.004020367673082,0.063406369341586,0.290564487050145,4.4817309167195,,
2021-03-31,197.50,199.46,187.11,189.82,189.82,8393800,188.38,-0.008513920216985,-0.008550370674029,0.004047915077945,0.063623227503366,0.291558255991569,-1.67931708417846,,
2021-04-01,193.36,196.97,183.60,191.45,191.45,9334300,188.37,0.024070607500465,0.023785476877365,0.004079620447047,0.063871906555595,0.292697846572161,4.41211232078332,,
2021-04-05,171.00,195.00,164.81,186.95,186.95,14070500,188.34,0.013279116531165,0.013191721895469,0.004108185228905,0.064095126405253,0.293720768429835,2.41649459411084,,
2021-04-06,185.21,192.00,183.56,184.50,184.50,6218300,188.36,0.036691571407026,0.036034461099763,0.004140266408342,0.06434490196078,0.294865383819785,6.71946207480498,,
2021-04-07,183.22,184.50,176.11,177.97,177.97,4768300,188.39,0.045283720347813,0.044288351291759,0.004163712840548,0.064526838141565,0.295699120139883,8.27569614483839,,
2021-04-08,185.88,185.88,164.30,170.26,170.26,10047400,188.47,0.075145200333764,0.072455722536404,0.004181865196905,0.064667342584221,0.296342992383834,13.5883348687002,,
2021-04-09,169.70,171.58,153.00,158.36,158.36,9462400,188.62,0.122404178110544,0.115472972278288,0.004172302588859,0.064593363349956,0.29600397694296,21.7130115581991,,
2021-04-12,158.11,163.90,135.01,141.09,141.09,16683600,188.87,0.000709206301539,0.000708954933591,0.004092714355783,0.063974325754815,0.293167190305203,0.06568032858689,,
2021-04-13,141.88,145.38,132.00,140.99,140.99,6806900,189.27,-0.153365724814542,-0.166486466024479,0.004127343838925,0.064244407063379,0.29440485834549,-31.5786327560442,,
2021-04-14,143.57,174.09,143.00,166.53,166.53,21138100,189.67,0.064497550952473,0.062502904693488,0.003928956210865,0.062681386478484,0.287242198202436,11.7855818683329,,
2021-04-15,163.00,166.25,152.80,156.44,156.44,7856800,189.87,0.011312948331334,0.01124943549411,0.003928377628155,0.062676771041235,0.287221047611875,2.06630515711188,,
2021-04-16,156.00,160.20,151.25,154.69,154.69,5214700,190.16,-0.058891484422081,-0.0606968266216,0.003961225459936,0.06293826705539,0.288419372890667,-11.6112340949551,,
2021-04-19,171.80,175.20,162.33,164.37,164.37,10520200,190.46,0.036838428290156,0.036176110252075,0.003964532010257,0.06296452977873,0.288539723808333,6.82086535420866,,
2021-04-20,164.14,164.89,153.36,158.53,158.53,4658600,190.69,0.000126200243713,0.000126192281132,0.003987563346447,0.063147156281556,0.289376623581435,-0.045050597763032,,
2021-04-21,158.40,162.98,155.92,158.51,158.51,3812800,190.97,0.048554588192824,0.047412633135572,0.004023157278638,0.063428363360862,0.290665276308316,8.98563691882877,,
2021-04-22,159.10,159.10,146.86,151.17,151.17,4345800,191.26,-6.61132455536198E-05,-6.61154311305615E-05,0.004038186551069,0.06354672730416,0.291207688038032,-0.081324637460732,,
2021-04-23,149.00,153.66,144.70,151.18,151.18,4029100,191.62,-0.105073111558112,-0.111013252935746,0.004074882663866,0.063834807619874,0.292527837891017,-21.3403226377997,,
2021-04-26,150.98,174.68,148.76,168.93,168.93,10532100,191.98,-0.049727236322726,-0.051006215938224,0.004000917757137,0.063252808294467,0.289860781927925,-9.86120411659883,,
2021-04-27,183.55,188.00,173.17,177.77,177.77,8932700,192.19,-0.00453577103219,-0.004546088852955,0.004013981126385,0.063355987297056,0.290333607517417,-0.942599913632986,,
2021-04-28,172.10,181.98,166.03,178.58,178.58,5788900,192.32,0.013564901372781,0.013473721734613,0.004051289650801,0.063649741953922,0.291679760468255,2.5227311822696,,
2021-04-29,176.56,180.86,170.75,176.19,176.19,3760300,192.45,0.014977856212405,0.014866795716264,0.004087822195003,0.063936078977392,0.292991921552572,2.79284943049028,,
2021-04-30,175.00,183.80,172.70,173.59,173.59,4433600,192.60,0.070221943345659,0.067866050652028,0.004124639934314,0.064223359724591,0.294308407322316,13.0031595611678,,
2021-05-03,177.49,177.49,159.61,162.20,162.20,5261000,192.78,0.009145778862584,0.009104209491034,0.004119457618839,0.064183001011474,0.294123460464505,1.68712029284099,,
2021-05-04,159.00,161.49,151.80,160.73,160.73,4007500,193.07,0.007837973610182,0.007807416262955,0.004158500722691,0.064486438285049,0.295513984739333,1.43971700746664,,
2021-05-05,161.83,165.50,158.33,159.48,159.48,2805400,193.38,-0.009502509456012,-0.009547946371236,0.004198529474953,0.064796060643782,0.296932852635079,-1.91376837478394,,
2021-05-06,160.86,164.72,155.60,161.01,161.01,2942800,193.71,-0.000620731173604,-0.00062092390696,0.004239356125637,0.065110338085721,0.29837305280198,-0.187310858743503,,
2021-05-07,160.11,167.41,157.50,161.11,161.11,2934600,194.03,0.124912720814742,0.117705451148776,0.004281749188144,0.065435076130038,0.299861189471097,22.7720488470691,,
2021-05-10,161.31,161.59,143.00,143.22,143.22,4806700,194.36,-0.025183753405714,-0.025506290777557,0.004181616995405,0.064665423492039,0.296334197998645,-5.0248687785466,,
2021-05-11,137.00,150.50,136.50,146.92,146.92,4684600,194.87,0.014710995945694,0.014603838891167,0.004218606328104,0.064950799287646,0.297641954183521,2.77866109213668,,
2021-05-12,145.70,150.50,142.23,144.79,144.79,2731500,195.35,-0.119817671732523,-0.127626201757978,0.004259296866043,0.065263288808051,0.299073961064657,-24.9992574568875,,
2021-05-13,147.44,169.95,146.43,164.50,164.50,8873500,195.87,0.028639332524254,0.028236892519535,0.004137471525358,0.064323180311288,0.294765842716769,5.46292983136312,,
2021-05-14,160.00,166.47,156.22,159.92,159.92,4293500,196.19,-0.11450723872069,-0.121610996519585,0.004172139096564,0.064592097787299,0.295998177406287,-23.9269308405688,,
2021-05-17,159.85,182.50,159.00,180.60,180.60,7462100,196.57,-0.000387402450738,-0.000387477510453,0.004060052495398,0.063718541221515,0.291995038319757,-0.144661535539472,,
2021-05-18,174.54,189.20,168.27,180.67,180.67,7738700,196.74,0.070129691759407,0.067779848380591,0.004103703787874,0.064060157569847,0.293560521094622,13.26688542817,,
2021-05-19,171.99,178.98,164.15,168.83,168.83,4825900,196.91,-0.009736658756037,-0.009784369969035,0.004098298006524,0.064017950658579,0.293367104728884,-1.99482466540113,,
2021-05-20,170.79,174.91,166.90,170.49,170.49,2478200,197.21,-0.035635433279303,-0.036285874618559,0.004142359048441,0.064361161024651,0.294939892210704,-7.22385699456232,,
2021-05-21,171.00,179.24,170.33,176.79,176.79,3654700,197.50,-0.017887906724291,-0.018049829203447,0.004173848908608,0.064605331889931,0.296058823683351,-3.63245818447096,,
2021-05-24,175.85,188.46,173.35,180.01,180.01,4664300,197.73,-0.140476526683549,-0.151377144099985,0.004217010927448,0.064938516517146,0.297585667457961,-29.9991765343238,,
2021-05-25,181.00,217.11,181.00,209.43,209.43,14887500,197.93,-0.136584784272632,-0.146859572982261,0.00400061913775,0.063250447727666,0.289849964451876,-29.1366227315269,,
2021-05-26,229.00,248.48,225.55,242.56,242.56,21119900,197.80,-0.045527906080984,-0.046596872577914,0.003789047720962,0.061555241214393,0.282081552286219,-9.28770527491499,,
2021-05-27,229.80,264.00,227.00,254.13,254.13,15526300,197.29,0.144729752252252,0.135168584914259,0.003803376758611,0.06167152307679,0.282614422722603,26.596657651958,,
2021-05-28,262.97,268.80,221.43,222.00,222.00,11751400,196.64,-0.10850535525652,-0.114855848714954,0.00364415692222,0.060366852843427,0.276635672621263,-22.6571816644641,,
2021-06-01,233.48,254.98,227.07,249.02,249.02,9625600,196.34,-0.117701201732611,-0.125224506800354,0.00352098874904,0.059337919992533,0.271920509947015,-24.6603635125523,,
2021-06-02,248.88,294.00,244.30,282.24,282.24,16019200,195.72,0.093190788025159,0.089100748421891,0.003359449423164,0.057960757613786,0.265609559102162,17.3636886409378,,
2021-06-03,265.71,274.43,242.12,258.18,258.18,8000000,194.69,0.039539345951283,0.038777678442591,0.003314484847258,0.057571562834942,0.263826044568029,7.47390177569195,,
2021-06-04,256.02,265.00,245.77,248.36,248.36,3637500,193.93,-0.113031705545098,-0.119946042007128,0.003340852521525,0.057800108317588,0.264873371541993,-23.3363113089424,,
2021-06-07,258.00,282.00,255.20,280.01,280.01,6051500,193.26,-0.0666333,-0.068957122125967,0.003187466352269,0.056457650963078,0.258721459097701,-13.4041920880839,,
2021-06-08,292.00,344.66,281.00,300.00,300.00,17439100,192.19,-0.008461125122033,-0.008497123643687,0.003156245410361,0.056180471788341,0.257451264548401,-1.71076777712788,,
2021-06-09,303.12,328.00,291.51,302.56,302.56,13429300,190.84,0.372839055187799,0.316880898638699,0.003193710133738,0.056512920060264,0.258974733919149,60.3978677924863,,
2021-06-10,282.00,288.00,211.00,220.39,220.39,22980200,189.43,-0.055498402425618,-0.057097900592154,0.001971260265111,0.044398876845154,0.203461213913938,-10.9143974937588,,
2021-06-11,222.35,241.13,206.13,233.34,233.34,15580800,189.03,0.016997881650995,0.016855034125212,0.001949182169878,0.044149543257864,0.202318623876887,3.08731794956055,,
2021-06-14,236.50,238.01,219.20,229.44,229.44,7132600,188.46,0.031191020224719,0.030714464521836,0.001972834099115,0.044416597113185,0.203542418383526,5.69014049446567,,
2021-06-15,226.36,229.25,208.00,222.50,222.50,7301900,187.92,-0.002107911368759,-0.002110136140893,0.001989373403084,0.044602392347088,0.204393839106651,-0.494385424689949,,
2021-06-16,215.24,228.73,209.00,222.97,222.97,5564800,187.46,-0.002772910287095,-0.002776761924637,0.002016238585577,0.044902545424256,0.205769313302845,-0.61772282917113,,
2021-06-17,224.00,233.66,221.48,223.59,223.59,4608600,186.98,0.045692585727022,0.044679427348654,0.00204373265094,0.045207661418613,0.207167530442728,8.25754059890539,,
2021-06-18,220.18,223.49,213.00,213.82,213.82,4320300,186.48,0.067125878802363,0.064968939871352,0.002048089775779,0.045255825876668,0.20738824771757,12.0187568181942,,
2021-06-21,216.95,218.40,197.00,200.37,200.37,5120200,186.10,-0.090880215722692,-0.09527841760371,0.00202125813058,0.044958404448779,0.206025291510969,-17.8280978200293,,
2021-06-22,217.73,225.88,209.17,220.40,220.40,8200200,185.90,0.004832670827622,0.004821030959994,0.001911820714438,0.04372437208741,0.200370244804969,0.796394743174172,,
2021-06-23,221.45,222.57,214.12,219.34,219.34,3555100,185.40,0.033111949819716,0.03257555775992,0.001939899220803,0.044044287039334,0.20183627928811,5.94051591724191,,
2021-06-24,221.16,227.45,211.60,212.31,212.31,3863300,184.91,0.013364531844889,0.013276014280904,0.001955814433043,0.044224590818264,0.202662535003141,2.35619696961516,,
2021-06-25,214.00,214.20,198.50,209.51,209.51,12692700,184.51,-0.017538124267292,-0.017693739317077,0.001983761184997,0.044539434044413,0.204105327919014,-3.36262923896149,,
2021-06-28,211.25,224.45,210.20,213.25,213.25,4879400,184.14,0.011238595143243,0.01117591134748,0.002007819258392,0.044808696236246,0.205339242294879,1.96047747566941,,
2021-06-29,213.59,215.22,208.01,210.88,210.88,2480000,183.69,-0.015223657491471,-0.015340727035973,0.002038119067867,0.045145532091974,0.20688281810053,-2.91467166638413,,
2021-06-30,209.69,215.28,206.94,214.14,214.14,2539600,183.28,0.047856713408413,0.046746852704359,0.002065148558365,0.045443905624018,0.208250137396492,8.47152343771717,,
2021-07-01,213.40,216.83,202.00,204.36,204.36,2742100,182.79,0.007543257826325,0.007514949724752,0.002067260131287,0.045467132428683,0.20835657598702,1.27769420149497,,
2021-07-02,204.80,205.45,196.50,202.83,202.83,2599100,182.45,0.016386069516798,0.016253266660382,0.002100717107445,0.0458335805654,0.210035852311802,2.87020472187829,,
2021-07-06,204.00,204.77,193.71,199.56,199.56,2768100,182.12,0.046679921395575,0.045623174925602,0.002132448484459,0.046178441771668,0.211616204893779,8.21449227115605,,
2021-07-07,196.00,197.50,177.56,190.66,190.66,4239500,181.84,-0.003762153731786,-0.003769248431962,0.002135963804354,0.046216488446803,0.211790556662528,-0.779820075242528,,
2021-07-08,179.83,194.22,179.50,191.38,191.38,2857500,181.69,0.000784442833958,0.000784135319486,0.00217232519379,0.046608209510668,0.213585648088998,0.048829903546793,,
2021-07-09,190.88,194.78,186.75,191.23,191.23,1582900,181.53,0.010462330250991,0.010407978840104,0.002210427740875,0.047015186279278,0.215450649937239,1.79648232014828,,
2021-07-12,191.42,197.75,187.42,189.25,189.25,1636300,181.36,0.051038554382301,0.049778774744636,0.002248452265832,0.047417847545327,0.217295875668338,8.93573518624145,,
2021-07-13,187.68,188.79,179.00,180.06,180.06,2397900,181.22,0.074215507523431,0.071590634731539,0.002245886642414,0.047390786471782,0.217171866250431,12.8815241754261,,
2021-07-14,180.49,182.38,165.07,167.62,167.62,3913800,181.24,0.004795515923938,0.004784054066523,0.002192080859853,0.046819663175342,0.214554650513342,0.773846469222285,,
2021-07-15,160.00,171.99,158.01,166.82,166.82,4298600,181.49,-0.013132903998641,-0.013219903122623,0.00223283472646,0.047252880615472,0.216539902225114,-2.49161310389512,,
2021-07-16,170.15,179.47,166.30,169.04,169.04,3287900,181.76,-0.025649961794629,-0.025984657760858,0.00227281736887,0.047674074389234,0.218470054575618,-4.81450268148141,,
2021-07-19,163.30,176.00,161.22,173.49,173.49,2436900,182.00,-0.092530540054994,-0.097095366362566,0.002304610217706,0.048006356013612,0.219992760271376,-17.7622137973127,,
2021-07-20,173.90,193.64,172.42,191.18,191.18,3101100,182.16,0.028900463149459,0.028490720539927,0.002159318379449,0.046468466506319,0.212945265193726,5.09603646493136,,
2021-07-21,187.79,195.51,182.11,185.81,185.81,2229200,181.99,0.038915246108519,0.038177136228288,0.002188424491306,0.046780599518456,0.21437563834874,6.85442061080198,,
2021-07-22,185.30,187.69,176.15,178.85,178.85,1413000,181.91,-0.008372116830938,-0.008407359844658,0.002204863406653,0.046955973066827,0.215179300909044,-1.62232689120048,,
2021-07-23,181.00,181.60,173.84,180.36,180.36,1316200,181.97,-0.019462873551562,-0.019654769250312,0.002250094655913,0.047435162652963,0.217375223459744,-3.6686292877615,,
2021-07-26,180.36,186.04,178.76,183.94,183.94,1260600,182.01,0.030245374771578,0.029797001803347,0.002289925987512,0.047853171133292,0.219290778961987,5.33202503567195,,
2021-07-27,183.00,185.00,176.66,178.54,178.54,1214800,181.96,0.055700084428219,0.054204133987194,0.002321988394679,0.048187014793186,0.220820642803732,9.77266669116246,,
2021-07-28,175.72,177.12,164.27,169.12,169.12,4100800,182.04,0.025840070205992,0.025511857606287,0.002307448583653,0.048035909314309,0.220128190508855,4.55330022395243,,
2021-07-29,170.60,173.89,164.51,164.86,164.86,2240000,182.33,0.023212550372783,0.022947237013353,0.002344620022641,0.048421276549069,0.2218941650325,4.09374997804031,,
2021-07-30,165.00,167.22,158.87,161.12,161.12,2373500,182.72,0.022010790561781,0.021772050005403,0.002385981269516,0.048846507239679,0.223842816860035,3.88890984267208,,
2021-08-02,162.00,163.59,155.06,157.65,157.65,2532900,183.23,0.032078520458265,0.031574749880373,0.002430083388548,0.049295875979112,0.225902083123436,5.69676797737378,,
2021-08-03,156.74,158.89,148.20,152.75,152.75,14450600,183.83,0.0405313138856,0.039731461435322,0.002461013334421,0.049608601415694,0.227335171108312,7.21603847902067,,
2021-08-04,152.73,157.79,145.69,146.80,146.80,2393500,184.59,-0.043274236922911,-0.044238487553157,0.002475263744109,0.049752022512747,0.227992409141808,-8.2538233410494,,
2021-08-05,148.00,157.60,145.22,153.44,153.44,2412100,185.54,0.011003478658405,0.010943380841915,0.002497694190171,0.049976936582496,0.229023094891294,1.94308008876243,,
2021-08-06,154.59,156.50,150.31,151.77,151.77,1348100,186.36,-0.058089745606351,-0.059845280288698,0.002559460932074,0.050591115149543,0.231837614665006,-11.2390644180275,,
2021-08-09,151.80,164.71,150.66,161.13,161.13,2249200,187.27,0.013077660866187,0.012992886559176,0.0025410059182,0.050408391347072,0.231000269008912,2.34660813977623,,
2021-08-10,161.36,166.90,155.35,159.05,159.05,1623300,187.98,0.001700491256459,0.001699047058201,0.002606734605134,0.051056190664149,0.233968858414558,0.233900812368356,,
2021-08-11,158.43,159.05,154.62,158.78,158.78,945400,188.78,-0.021989571099862,-0.022234945507101,0.002682810058265,0.051795849817,0.237358402470966,-4.28179230330919,,
2021-08-12,159.88,164.28,157.33,162.35,162.35,1317800,189.64,-0.00104601277268,-0.001046560225836,0.00275239211967,0.05246324541686,0.240416793325805,-0.281656452396135,,
2021-08-13,160.47,163.55,157.41,162.52,162.52,1012700,190.44,-0.008601165498738,-0.00863836900533,0.00283835493658,0.053276213609639,0.244142281606805,-1.72701551712886,,
2021-08-16,161.00,169.88,159.16,163.93,163.93,1572600,191.29,0.002323387300702,0.002320692409804,0.002928588092591,0.054116430892947,0.247992640907776,0.363269960250032,,
2021-08-17,161.19,169.48,161.10,163.55,163.55,1215900,192.14,0.041388092173421,0.040554527240555,0.003025527364097,0.055004794010131,0.252063632136878,7.71286518131109,,
2021-08-18,163.25,165.60,156.75,157.05,157.05,1411800,193.06,0.027141982752465,0.026780171393171,0.003064510637509,0.055358022341025,0.253682327700803,5.09144478888863,,
2021-08-19,156.77,157.99,150.78,152.90,152.90,1196500,194.26,-0.040175824729897,-0.041005162054713,0.003139640494836,0.05603249499028,0.25677314967019,-8.0437302200014,,
2021-08-20,153.80,160.09,153.24,159.30,159.30,1151700,195.69,-0.033901364751661,-0.034489343099833,0.003205495631067,0.05661709663226,0.259452130945961,-6.82632884284075,,
2021-08-23,162.38,167.29,159.55,164.89,164.89,1343000,196.99,-0.215892317805156,-0.243208918325019,0.003290363058788,0.057361686331453,0.262864269604198,-47.9858965140319,,
2021-08-24,166.29,225.00,165.15,210.29,210.29,14652200,198.18,0.053293259803454,0.051921693716609,0.001011271800438,0.031800500002954,0.145728198400979,10.152560990485,,
2021-08-25,206.65,227.00,193.00,199.65,199.65,12861100,197.71,-0.027141638109631,-0.027516775850245,0.000965816359067,0.031077586120332,0.14241539081293,-5.58087126463771,,
2021-08-26,200.68,217.00,199.00,205.22,205.22,6238600,197.64,0.001317414022699,0.001316546994253,0.000959437581104,0.03097478944407,0.14194431726277,0.119296760183882,,
2021-08-27,207.70,213.00,200.02,204.95,204.95,3224900,197.32,-0.020315487863033,-0.020524685537794,0.001001761379282,0.0316506142007,0.145041335366553,-4.18782268093125,,
2021-08-30,205.00,218.19,203.02,209.20,209.20,3309600,196.99,-0.041422323097912,-0.042304679715231,0.001012424237274,0.031818614634738,0.145811210072318,-8.470688965496,,
2021-08-31,212.70,222.30,211.46,218.24,218.24,3574700,196.43,0.024745287952551,0.024444082150753,0.000930534750626,0.030504667685886,0.139789948720047,4.65855704386388,,
2021-09-01,224.00,231.44,208.02,212.97,212.97,4453800,195.39,-0.002575885114727,-0.002579208414975,0.000968590200157,0.031122181802643,0.142619753902791,-0.644196843410474,,
2021-09-02,213.86,214.80,206.30,213.52,213.52,1852000,194.52,0.053119625154131,0.051756830834354,0.00101360601646,0.031837179781823,0.145896286264123,9.93044804086456,,
2021-09-03,212.05,216.27,198.84,202.75,202.75,2658600,193.52,0.018844221105528,0.01866886827103,0.000966667510398,0.031091277078924,0.142478130667014,3.47234836400534,,
2021-09-07,206.25,209.90,196.10,199.00,199.00,2496300,193.00,0.001006021111579,0.001005515411476,0.001019591320375,0.031931040076629,0.146326408169823,0.057386539585774,,
2021-09-08,201.86,206.88,190.68,198.80,198.80,5173600,192.65,-0.001907771931692,-0.001909594046385,0.001084665782595,0.032934264567389,0.15092376033776,-0.500400532131847,,
2021-09-09,180.09,202.00,178.00,199.18,199.18,7511500,192.27,0.046058446592964,0.045029240365614,0.001154956073232,0.033984644668319,0.155737206658748,8.52915357585897,,
2021-09-10,198.41,202.16,190.00,190.41,190.41,3037000,191.80,-0.063864259504354,-0.065994791122146,0.001133517063745,0.033667745153862,0.154284990646053,-12.7877391769462,,
2021-09-13,193.75,208.88,191.50,203.40,203.40,4334100,191.90,0.020879285763921,0.02066430081549,0.000764923209131,0.027657245147174,0.126741419400874,3.80776628101096,,
2021-09-14,200.65,204.62,195.00,199.24,199.24,2141600,191.02,-0.025816540664648,-0.026155636469343,0.000825939563727,0.028739164283725,0.131699395739941,-5.14811067976602,,
2021-09-15,197.00,204.87,193.75,204.52,204.52,2310400,190.34,-0.008964437877706,-0.009004860207917,0.000761259761762,0.027590936224813,0.126437553744903,-1.87212092211354,,
2021-09-16,202.33,216.55,201.15,206.37,206.37,3058200,189.05,0.006830238538175,0.006807018132905,0.000781570799098,0.027956587758487,0.128113179575944,1.13072387302326,,
2021-09-17,208.02,212.49,200.78,204.97,204.97,3945900,187.31,0.066441228924681,0.064327150917348,0.000866960337887,0.029444190222985,0.134930230473508,11.9010868931359,,
2021-09-20,200.00,202.85,184.55,192.20,192.20,3941800,185.35,0.011845222614034,0.011775617087447,0.000634872125996,0.025196668946432,0.115465642707768,2.00941201739751,,
2021-09-21,199.36,199.36,186.00,189.95,189.95,2633800,184.50,-0.000999274224252,-0.000999773831597,0.000740654867402,0.0272149750579,0.124714683239162,-0.344819314765172,,
2021-09-22,189.64,193.50,186.29,190.14,190.14,2256600,183.72,-0.005751965965489,-0.005768572231459,0.000853327893615,0.029211776625453,0.133865177570279,-1.20918142769616,,
2021-09-23,192.33,195.75,190.60,191.24,191.24,1682300,182.65,0.032836470450714,0.032308872137053,0.000956635500476,0.030929524737312,0.141736888317739,5.75994747873146,,
2021-09-24,191.00,191.72,184.11,185.16,185.16,1685800,180.93,-0.022799198285818,-0.023063119179136,0.001180551997035,0.034359161762693,0.157453459592774,-4.2997395848728,,
2021-09-27,185.92,192.05,185.87,189.48,189.48,1470100,179.87,0.060918195041942,0.059134754908121,0.000882603893254,0.029708650141905,0.13614213807024,10.4895152552358,,
2021-09-28,188.00,190.81,178.00,178.60,178.60,1770500,176.66,0.015234243010849,0.015119367159322,7.885326561751E-05,0.008879936126882,0.040692979467811,2.17955255547588,,
2021-09-29,180.09,184.48,174.61,175.92,175.92,1899900,175.69,0.002564523835616,0.002561241055678,,,,,,
2021-09-30,175.00,185.45,166.79,175.47,175.47,3170700,175.47,,,,,,,,
